case,layers,net_area_mm2_per_die_tier,macros_per_die_tier,capacity_GB_gpu,architecture,hbm_GiB_step,hbm_reduction_percent,tier_lookup_GiB_step,p99_hbm_fraction,optimistic_p99_reduction_percent,optimistic_speedup
C2,1,400,5047,1.054823,keep_sL2_separate_3D_LIP,15.030182838439941,5.242808445837399,15.860809326171875,0.25,1.3107021114593498,1.0132810967298567
C2,1,400,5047,1.054823,keep_sL2_separate_3D_LIP,15.030182838439941,5.242808445837399,15.860809326171875,0.5,2.6214042229186996,1.026919716822777
C2,1,400,5047,1.054823,keep_sL2_separate_3D_LIP,15.030182838439941,5.242808445837399,15.860809326171875,0.75,3.9321063343780494,1.0409304938865873
C2,1,400,5047,1.054823,keep_sL2_separate_3D_LIP,15.030182838439941,5.242808445837399,15.860809326171875,1.0,5.242808445837399,1.0553288711901159
C2,1,400,5047,1.054823,integrated_sL2_plus_3D_LIP,14.910035133361816,6.000274887014944,0.0,0.25,1.500068721753736,1.0152291347038231
C2,1,400,5047,1.054823,integrated_sL2_plus_3D_LIP,14.910035133361816,6.000274887014944,0.0,0.5,3.000137443507472,1.0309292958199832
C2,1,400,5047,1.054823,integrated_sL2_plus_3D_LIP,14.910035133361816,6.000274887014944,0.0,0.75,4.500206165261209,1.047122679375086
C2,1,400,5047,1.054823,integrated_sL2_plus_3D_LIP,14.910035133361816,6.000274887014944,0.0,1.0,6.000274887014944,1.0638328982324445
C2,1,400,5047,1.054823,remove_sL2_3D_only_LIP,15.030182838439941,5.242808445837399,0.0,0.25,1.3107021114593498,1.0132810967298567
C2,1,400,5047,1.054823,remove_sL2_3D_only_LIP,15.030182838439941,5.242808445837399,0.0,0.5,2.6214042229186996,1.026919716822777
C2,1,400,5047,1.054823,remove_sL2_3D_only_LIP,15.030182838439941,5.242808445837399,0.0,0.75,3.9321063343780494,1.0409304938865873
C2,1,400,5047,1.054823,remove_sL2_3D_only_LIP,15.030182838439941,5.242808445837399,0.0,1.0,5.242808445837399,1.0553288711901159
C2,1,400,5047,1.054823,integrated_sL2_plus_3D_LRU,15.98004150390625,-0.745537835804666,0.0,0.25,-0.1863844589511665,0.9981396228643471
C2,1,400,5047,1.054823,integrated_sL2_plus_3D_LRU,15.98004150390625,-0.745537835804666,0.0,0.5,-0.372768917902333,0.9962861548812385
C2,1,400,5047,1.054823,integrated_sL2_plus_3D_LRU,15.98004150390625,-0.745537835804666,0.0,0.75,-0.5591533768534995,0.9944395576327295
C2,1,400,5047,1.054823,integrated_sL2_plus_3D_LRU,15.98004150390625,-0.745537835804666,0.0,1.0,-0.745537835804666,0.9925997929851768
C2,1,400,5047,1.054823,ideal_nonoverlap_retention_bound,14.908685738919303,6.008782090755963,0,,,
C2,1,500,6308,1.318372,keep_sL2_separate_3D_LIP,14.791779518127441,6.745812722819611,15.860809326171875,0.25,1.6864531807049028,1.017153823000656
C2,1,500,6308,1.318372,keep_sL2_separate_3D_LIP,14.791779518127441,6.745812722819611,15.860809326171875,0.5,3.3729063614098056,1.0349064246310185
C2,1,500,6308,1.318372,keep_sL2_separate_3D_LIP,14.791779518127441,6.745812722819611,15.860809326171875,0.75,5.059359542114708,1.0532897136327934
C2,1,500,6308,1.318372,keep_sL2_separate_3D_LIP,14.791779518127441,6.745812722819611,15.860809326171875,1.0,6.745812722819611,1.0723379069592764
C2,1,500,6308,1.318372,integrated_sL2_plus_3D_LIP,14.672563076019287,7.4974080535402,0.0,0.25,1.87435201338505,1.0191015504289025
C2,1,500,6308,1.318372,integrated_sL2_plus_3D_LIP,14.672563076019287,7.4974080535402,0.0,0.5,3.7487040267701,1.0389470498954394
C2,1,500,6308,1.318372,integrated_sL2_plus_3D_LIP,14.672563076019287,7.4974080535402,0.0,0.75,5.62305604015515,1.0595808234959125
C2,1,500,6308,1.318372,integrated_sL2_plus_3D_LIP,14.672563076019287,7.4974080535402,0.0,1.0,7.4974080535402,1.0810507889106467
C2,1,500,6308,1.318372,remove_sL2_3D_only_LIP,14.791779518127441,6.745812722819611,0.0,0.25,1.6864531807049028,1.017153823000656
C2,1,500,6308,1.318372,remove_sL2_3D_only_LIP,14.791779518127441,6.745812722819611,0.0,0.5,3.3729063614098056,1.0349064246310185
C2,1,500,6308,1.318372,remove_sL2_3D_only_LIP,14.791779518127441,6.745812722819611,0.0,0.75,5.059359542114708,1.0532897136327934
C2,1,500,6308,1.318372,remove_sL2_3D_only_LIP,14.791779518127441,6.745812722819611,0.0,1.0,6.745812722819611,1.0723379069592764
C2,1,500,6308,1.318372,integrated_sL2_plus_3D_LRU,15.98004150390625,-0.745537835804666,0.0,0.25,-0.1863844589511665,0.9981396228643471
C2,1,500,6308,1.318372,integrated_sL2_plus_3D_LRU,15.98004150390625,-0.745537835804666,0.0,0.5,-0.372768917902333,0.9962861548812385
C2,1,500,6308,1.318372,integrated_sL2_plus_3D_LRU,15.98004150390625,-0.745537835804666,0.0,0.75,-0.5591533768534995,0.9944395576327295
C2,1,500,6308,1.318372,integrated_sL2_plus_3D_LRU,15.98004150390625,-0.745537835804666,0.0,1.0,-0.745537835804666,0.9925997929851768
C2,1,500,6308,1.318372,ideal_nonoverlap_retention_bound,14.67090689111501,7.507849405579001,0,,,
C2,1,600,7570,1.58213,keep_sL2_separate_3D_LIP,14.554307460784912,8.242945889344867,15.860809326171875,0.25,2.0607364723362167,1.021040963533018
C2,1,600,7570,1.58213,keep_sL2_separate_3D_LIP,14.554307460784912,8.242945889344867,15.860809326171875,0.5,4.121472944672433,1.0429864023911641
C2,1,600,7570,1.58213,keep_sL2_separate_3D_LIP,14.554307460784912,8.242945889344867,15.860809326171875,0.75,6.182209417008649,1.0658959178061207
C2,1,600,7570,1.58213,keep_sL2_separate_3D_LIP,14.554307460784912,8.242945889344867,15.860809326171875,1.0,8.242945889344867,1.0898344652543468
C2,1,600,7570,1.58213,integrated_sL2_plus_3D_LIP,14.434159755706787,9.000412330522412,0.0,0.25,2.250103082630603,1.0230189816418187
C2,1,600,7570,1.58213,integrated_sL2_plus_3D_LIP,14.434159755706787,9.000412330522412,0.0,0.5,4.500206165261206,1.047122679375086
C2,1,600,7570,1.58213,integrated_sL2_plus_3D_LIP,14.434159755706787,9.000412330522412,0.0,0.75,6.750309247891809,1.0723896153804584
C2,1,600,7570,1.58213,integrated_sL2_plus_3D_LIP,14.434159755706787,9.000412330522412,0.0,1.0,9.000412330522412,1.0989060781595306
C2,1,600,7570,1.58213,remove_sL2_3D_only_LIP,14.554307460784912,8.242945889344867,0.0,0.25,2.0607364723362167,1.021040963533018
C2,1,600,7570,1.58213,remove_sL2_3D_only_LIP,14.554307460784912,8.242945889344867,0.0,0.5,4.121472944672433,1.0429864023911641
C2,1,600,7570,1.58213,remove_sL2_3D_only_LIP,14.554307460784912,8.242945889344867,0.0,0.75,6.182209417008649,1.0658959178061207
C2,1,600,7570,1.58213,remove_sL2_3D_only_LIP,14.554307460784912,8.242945889344867,0.0,1.0,8.242945889344867,1.0898344652543468
C2,1,600,7570,1.58213,integrated_sL2_plus_3D_LRU,15.98004150390625,-0.745537835804666,0.0,0.25,-0.1863844589511665,0.9981396228643471
C2,1,600,7570,1.58213,integrated_sL2_plus_3D_LRU,15.98004150390625,-0.745537835804666,0.0,0.5,-0.372768917902333,0.9962861548812385
C2,1,600,7570,1.58213,integrated_sL2_plus_3D_LRU,15.98004150390625,-0.745537835804666,0.0,0.75,-0.5591533768534995,0.9944395576327295
C2,1,600,7570,1.58213,integrated_sL2_plus_3D_LRU,15.98004150390625,-0.745537835804666,0.0,1.0,-0.745537835804666,0.9925997929851768
C2,1,600,7570,1.58213,ideal_nonoverlap_retention_bound,14.432939479593188,9.00810551288009,0,,,
C2,1,700,8832,1.845888,keep_sL2_separate_3D_LIP,14.315904140472412,9.745950166327088,15.860809326171875,0.25,2.436487541581772,1.0249733479267693
C2,1,700,8832,1.845888,keep_sL2_separate_3D_LIP,14.315904140472412,9.745950166327088,15.860809326171875,0.5,4.872975083163544,1.0512259800768886
C2,1,700,8832,1.845888,keep_sL2_separate_3D_LIP,14.315904140472412,9.745950166327088,15.860809326171875,0.75,7.309462624745317,1.0788587792425153
C2,1,700,8832,1.845888,keep_sL2_separate_3D_LIP,14.315904140472412,9.745950166327088,15.860809326171875,1.0,9.745950166327088,1.1079835218950027
C2,1,700,8832,1.845888,integrated_sL2_plus_3D_LIP,14.196687698364258,10.497545497047668,0.0,0.25,2.624386374261917,1.0269511664835174
C2,1,700,8832,1.845888,integrated_sL2_plus_3D_LIP,14.196687698364258,10.497545497047668,0.0,0.5,5.248772748523834,1.0553953009452135
C2,1,700,8832,1.845888,integrated_sL2_plus_3D_LIP,14.196687698364258,10.497545497047668,0.0,0.75,7.87315912278575,1.0854599924171828
C2,1,700,8832,1.845888,integrated_sL2_plus_3D_LIP,14.196687698364258,10.497545497047668,0.0,1.0,10.497545497047668,1.1172877945677053
C2,1,700,8832,1.845888,remove_sL2_3D_only_LIP,14.315904140472412,9.745950166327088,0.0,0.25,2.436487541581772,1.0249733479267693
C2,1,700,8832,1.845888,remove_sL2_3D_only_LIP,14.315904140472412,9.745950166327088,0.0,0.5,4.872975083163544,1.0512259800768886
C2,1,700,8832,1.845888,remove_sL2_3D_only_LIP,14.315904140472412,9.745950166327088,0.0,0.75,7.309462624745317,1.0788587792425153
C2,1,700,8832,1.845888,remove_sL2_3D_only_LIP,14.315904140472412,9.745950166327088,0.0,1.0,9.745950166327088,1.1079835218950027
C2,1,700,8832,1.845888,integrated_sL2_plus_3D_LRU,15.98004150390625,-0.745537835804666,0.0,0.25,-0.1863844589511665,0.9981396228643471
C2,1,700,8832,1.845888,integrated_sL2_plus_3D_LRU,15.98004150390625,-0.745537835804666,0.0,0.5,-0.372768917902333,0.9962861548812385
C2,1,700,8832,1.845888,integrated_sL2_plus_3D_LRU,15.98004150390625,-0.745537835804666,0.0,0.75,-0.5591533768534995,0.9944395576327295
C2,1,700,8832,1.845888,integrated_sL2_plus_3D_LRU,15.98004150390625,-0.745537835804666,0.0,1.0,-0.745537835804666,0.9925997929851768
C2,1,700,8832,1.845888,ideal_nonoverlap_retention_bound,14.194972068071365,10.50836162018118,0,,,
C2,1,800,10094,2.109646,keep_sL2_separate_3D_LIP,14.078432083129883,11.243083332852343,15.860809326171875,0.25,2.810770833213086,1.0289206001252413
C2,1,800,10094,2.109646,keep_sL2_separate_3D_LIP,14.078432083129883,11.243083332852343,15.860809326171875,0.5,5.621541666426172,1.059563821720389
C2,1,800,10094,2.109646,keep_sL2_separate_3D_LIP,14.078432083129883,11.243083332852343,15.860809326171875,0.75,8.432312499639258,1.0920882980648172
C2,1,800,10094,2.109646,keep_sL2_separate_3D_LIP,14.078432083129883,11.243083332852343,15.860809326171875,1.0,11.243083332852343,1.1266727569527417
C2,1,800,10094,2.109646,integrated_sL2_plus_3D_LIP,13.958284378051758,12.000549774029889,0.0,0.25,3.000137443507472,1.0309292958199832
C2,1,800,10094,2.109646,integrated_sL2_plus_3D_LIP,13.958284378051758,12.000549774029889,0.0,0.5,6.000274887014944,1.0638328982324445
C2,1,800,10094,2.109646,integrated_sL2_plus_3D_LIP,13.958284378051758,12.000549774029889,0.0,0.75,9.000412330522417,1.0989060781595308
C2,1,800,10094,2.109646,integrated_sL2_plus_3D_LIP,13.958284378051758,12.000549774029889,0.0,1.0,12.000549774029889,1.1363707357627142
C2,1,800,10094,2.109646,remove_sL2_3D_only_LIP,14.078432083129883,11.243083332852343,0.0,0.25,2.810770833213086,1.0289206001252413
C2,1,800,10094,2.109646,remove_sL2_3D_only_LIP,14.078432083129883,11.243083332852343,0.0,0.5,5.621541666426172,1.059563821720389
C2,1,800,10094,2.109646,remove_sL2_3D_only_LIP,14.078432083129883,11.243083332852343,0.0,0.75,8.432312499639258,1.0920882980648172
C2,1,800,10094,2.109646,remove_sL2_3D_only_LIP,14.078432083129883,11.243083332852343,0.0,1.0,11.243083332852343,1.1266727569527417
C2,1,800,10094,2.109646,integrated_sL2_plus_3D_LRU,15.98004150390625,-0.745537835804666,0.0,0.25,-0.1863844589511665,0.9981396228643471
C2,1,800,10094,2.109646,integrated_sL2_plus_3D_LRU,15.98004150390625,-0.745537835804666,0.0,0.5,-0.372768917902333,0.9962861548812385
C2,1,800,10094,2.109646,integrated_sL2_plus_3D_LRU,15.98004150390625,-0.745537835804666,0.0,0.75,-0.5591533768534995,0.9944395576327295
C2,1,800,10094,2.109646,integrated_sL2_plus_3D_LRU,15.98004150390625,-0.745537835804666,0.0,1.0,-0.745537835804666,0.9925997929851768
C2,1,800,10094,2.109646,ideal_nonoverlap_retention_bound,13.957004656549543,12.00861772748227,0,,,
C2,2,400,5047,2.109646,keep_sL2_separate_3D_LIP,14.078432083129883,11.243083332852343,15.860809326171875,0.25,2.810770833213086,1.0289206001252413
C2,2,400,5047,2.109646,keep_sL2_separate_3D_LIP,14.078432083129883,11.243083332852343,15.860809326171875,0.5,5.621541666426172,1.059563821720389
C2,2,400,5047,2.109646,keep_sL2_separate_3D_LIP,14.078432083129883,11.243083332852343,15.860809326171875,0.75,8.432312499639258,1.0920882980648172
C2,2,400,5047,2.109646,keep_sL2_separate_3D_LIP,14.078432083129883,11.243083332852343,15.860809326171875,1.0,11.243083332852343,1.1266727569527417
C2,2,400,5047,2.109646,integrated_sL2_plus_3D_LIP,13.958284378051758,12.000549774029889,0.0,0.25,3.000137443507472,1.0309292958199832
C2,2,400,5047,2.109646,integrated_sL2_plus_3D_LIP,13.958284378051758,12.000549774029889,0.0,0.5,6.000274887014944,1.0638328982324445
C2,2,400,5047,2.109646,integrated_sL2_plus_3D_LIP,13.958284378051758,12.000549774029889,0.0,0.75,9.000412330522417,1.0989060781595308
C2,2,400,5047,2.109646,integrated_sL2_plus_3D_LIP,13.958284378051758,12.000549774029889,0.0,1.0,12.000549774029889,1.1363707357627142
C2,2,400,5047,2.109646,remove_sL2_3D_only_LIP,14.078432083129883,11.243083332852343,0.0,0.25,2.810770833213086,1.0289206001252413
C2,2,400,5047,2.109646,remove_sL2_3D_only_LIP,14.078432083129883,11.243083332852343,0.0,0.5,5.621541666426172,1.059563821720389
C2,2,400,5047,2.109646,remove_sL2_3D_only_LIP,14.078432083129883,11.243083332852343,0.0,0.75,8.432312499639258,1.0920882980648172
C2,2,400,5047,2.109646,remove_sL2_3D_only_LIP,14.078432083129883,11.243083332852343,0.0,1.0,11.243083332852343,1.1266727569527417
C2,2,400,5047,2.109646,integrated_sL2_plus_3D_LRU,15.98004150390625,-0.745537835804666,0.0,0.25,-0.1863844589511665,0.9981396228643471
C2,2,400,5047,2.109646,integrated_sL2_plus_3D_LRU,15.98004150390625,-0.745537835804666,0.0,0.5,-0.372768917902333,0.9962861548812385
C2,2,400,5047,2.109646,integrated_sL2_plus_3D_LRU,15.98004150390625,-0.745537835804666,0.0,0.75,-0.5591533768534995,0.9944395576327295
C2,2,400,5047,2.109646,integrated_sL2_plus_3D_LRU,15.98004150390625,-0.745537835804666,0.0,1.0,-0.745537835804666,0.9925997929851768
C2,2,400,5047,2.109646,ideal_nonoverlap_retention_bound,13.957004656549543,12.00861772748227,0,,,
C2,2,500,6308,2.636744,keep_sL2_separate_3D_LIP,13.602556705474854,14.243220776359811,15.860809326171875,0.25,3.5608051940899528,1.0369228009551128
C2,2,500,6308,2.636744,keep_sL2_separate_3D_LIP,13.602556705474854,14.243220776359811,15.860809326171875,0.5,7.1216103881799055,1.0766767212259416
C2,2,500,6308,2.636744,keep_sL2_separate_3D_LIP,13.602556705474854,14.243220776359811,15.860809326171875,0.75,10.682415582269858,1.119600363712359
C2,2,500,6308,2.636744,keep_sL2_separate_3D_LIP,13.602556705474854,14.243220776359811,15.860809326171875,1.0,14.243220776359811,1.166088569385468
C2,2,500,6308,2.636744,integrated_sL2_plus_3D_LIP,13.482409000396729,15.000687217537356,0.0,0.25,3.750171804384339,1.038962893489665
C2,2,500,6308,2.636744,integrated_sL2_plus_3D_LIP,13.482409000396729,15.000687217537356,0.0,0.5,7.500343608768678,1.0810850969764216
C2,2,500,6308,2.636744,integrated_sL2_plus_3D_LIP,13.482409000396729,15.000687217537356,0.0,0.75,11.250515413153018,1.1267671070488716
C2,2,500,6308,2.636744,integrated_sL2_plus_3D_LIP,13.482409000396729,15.000687217537356,0.0,1.0,15.000687217537356,1.1764800999736125
C2,2,500,6308,2.636744,remove_sL2_3D_only_LIP,13.602556705474854,14.243220776359811,0.0,0.25,3.5608051940899528,1.0369228009551128
C2,2,500,6308,2.636744,remove_sL2_3D_only_LIP,13.602556705474854,14.243220776359811,0.0,0.5,7.1216103881799055,1.0766767212259416
C2,2,500,6308,2.636744,remove_sL2_3D_only_LIP,13.602556705474854,14.243220776359811,0.0,0.75,10.682415582269858,1.119600363712359
C2,2,500,6308,2.636744,remove_sL2_3D_only_LIP,13.602556705474854,14.243220776359811,0.0,1.0,14.243220776359811,1.166088569385468
C2,2,500,6308,2.636744,integrated_sL2_plus_3D_LRU,15.98004150390625,-0.745537835804666,0.0,0.25,-0.1863844589511665,0.9981396228643471
C2,2,500,6308,2.636744,integrated_sL2_plus_3D_LRU,15.98004150390625,-0.745537835804666,0.0,0.5,-0.372768917902333,0.9962861548812385
C2,2,500,6308,2.636744,integrated_sL2_plus_3D_LRU,15.98004150390625,-0.745537835804666,0.0,0.75,-0.5591533768534995,0.9944395576327295
C2,2,500,6308,2.636744,integrated_sL2_plus_3D_LRU,15.98004150390625,-0.745537835804666,0.0,1.0,-0.745537835804666,0.9925997929851768
C2,2,500,6308,2.636744,ideal_nonoverlap_retention_bound,13.481446960940957,15.006752357128345,0,,,
C2,2,600,7570,3.16426,keep_sL2_separate_3D_LIP,13.126681327819824,17.24335821986729,15.860809326171875,0.25,4.310839554966822,1.0450504480854246
C2,2,600,7570,3.16426,keep_sL2_separate_3D_LIP,13.126681327819824,17.24335821986729,15.860809326171875,0.5,8.621679109933645,1.0943514722743268
C2,2,600,7570,3.16426,keep_sL2_separate_3D_LIP,13.126681327819824,17.24335821986729,15.860809326171875,0.75,12.932518664900467,1.148534429463127
C2,2,600,7570,3.16426,keep_sL2_separate_3D_LIP,13.126681327819824,17.24335821986729,15.860809326171875,1.0,17.24335821986729,1.2083622274775156
C2,2,600,7570,3.16426,integrated_sL2_plus_3D_LIP,13.0065336227417,18.000824661044835,0.0,0.25,4.500206165261209,1.047122679375086
C2,2,600,7570,3.16426,integrated_sL2_plus_3D_LIP,13.0065336227417,18.000824661044835,0.0,0.5,9.000412330522417,1.0989060781595308
C2,2,600,7570,3.16426,integrated_sL2_plus_3D_LIP,13.0065336227417,18.000824661044835,0.0,0.75,13.500618495783625,1.1560776303946814
C2,2,600,7570,3.16426,integrated_sL2_plus_3D_LIP,13.0065336227417,18.000824661044835,0.0,1.0,18.000824661044835,1.2195244596867698
C2,2,600,7570,3.16426,remove_sL2_3D_only_LIP,13.126681327819824,17.24335821986729,0.0,0.25,4.310839554966822,1.0450504480854246
C2,2,600,7570,3.16426,remove_sL2_3D_only_LIP,13.126681327819824,17.24335821986729,0.0,0.5,8.621679109933645,1.0943514722743268
C2,2,600,7570,3.16426,remove_sL2_3D_only_LIP,13.126681327819824,17.24335821986729,0.0,0.75,12.932518664900467,1.148534429463127
C2,2,600,7570,3.16426,remove_sL2_3D_only_LIP,13.126681327819824,17.24335821986729,0.0,1.0,17.24335821986729,1.2083622274775156
C2,2,600,7570,3.16426,integrated_sL2_plus_3D_LRU,15.98004150390625,-0.745537835804666,0.0,0.25,-0.1863844589511665,0.9981396228643471
C2,2,600,7570,3.16426,integrated_sL2_plus_3D_LRU,15.98004150390625,-0.745537835804666,0.0,0.5,-0.372768917902333,0.9962861548812385
C2,2,600,7570,3.16426,integrated_sL2_plus_3D_LRU,15.98004150390625,-0.745537835804666,0.0,0.75,-0.5591533768534995,0.9944395576327295
C2,2,600,7570,3.16426,integrated_sL2_plus_3D_LRU,15.98004150390625,-0.745537835804666,0.0,1.0,-0.745537835804666,0.9925997929851768
C2,2,600,7570,3.16426,ideal_nonoverlap_retention_bound,13.005512137897313,18.007264571730524,0,,,
C2,2,700,8832,3.691776,keep_sL2_separate_3D_LIP,12.650805950164795,20.243495663374755,15.860809326171875,0.25,5.060873915843689,1.0533065146540068
C2,2,700,8832,3.691776,keep_sL2_separate_3D_LIP,12.650805950164795,20.243495663374755,15.860809326171875,0.5,10.121747831687378,1.1126162067852927
C2,2,700,8832,3.691776,keep_sL2_separate_3D_LIP,12.650805950164795,20.243495663374755,15.860809326171875,0.75,15.182621747531066,1.1790036671770048
C2,2,700,8832,3.691776,keep_sL2_separate_3D_LIP,12.650805950164795,20.243495663374755,15.860809326171875,1.0,20.243495663374755,1.2538162351992486
C2,2,700,8832,3.691776,integrated_sL2_plus_3D_LIP,12.53065824508667,21.0009621045523,0.0,0.25,5.250240526138075,1.0554116501750743
C2,2,700,8832,3.691776,integrated_sL2_plus_3D_LIP,12.53065824508667,21.0009621045523,0.0,0.5,10.50048105227615,1.1173244412454264
C2,2,700,8832,3.691776,integrated_sL2_plus_3D_LIP,12.53065824508667,21.0009621045523,0.0,0.75,15.750721578414225,1.1869537861154984
C2,2,700,8832,3.691776,integrated_sL2_plus_3D_LIP,12.53065824508667,21.0009621045523,0.0,1.0,21.0009621045523,1.2658382008695637
C2,2,700,8832,3.691776,remove_sL2_3D_only_LIP,12.650805950164795,20.243495663374755,0.0,0.25,5.060873915843689,1.0533065146540068
C2,2,700,8832,3.691776,remove_sL2_3D_only_LIP,12.650805950164795,20.243495663374755,0.0,0.5,10.121747831687378,1.1126162067852927
C2,2,700,8832,3.691776,remove_sL2_3D_only_LIP,12.650805950164795,20.243495663374755,0.0,0.75,15.182621747531066,1.1790036671770048
C2,2,700,8832,3.691776,remove_sL2_3D_only_LIP,12.650805950164795,20.243495663374755,0.0,1.0,20.243495663374755,1.2538162351992486
C2,2,700,8832,3.691776,integrated_sL2_plus_3D_LRU,15.98004150390625,-0.745537835804666,0.0,0.25,-0.1863844589511665,0.9981396228643471
C2,2,700,8832,3.691776,integrated_sL2_plus_3D_LRU,15.98004150390625,-0.745537835804666,0.0,0.5,-0.372768917902333,0.9962861548812385
C2,2,700,8832,3.691776,integrated_sL2_plus_3D_LRU,15.98004150390625,-0.745537835804666,0.0,0.75,-0.5591533768534995,0.9944395576327295
C2,2,700,8832,3.691776,integrated_sL2_plus_3D_LRU,15.98004150390625,-0.745537835804666,0.0,1.0,-0.745537835804666,0.9925997929851768
C2,2,700,8832,3.691776,ideal_nonoverlap_retention_bound,12.529577314853668,21.007776786332705,0,,,
C2,2,800,10094,4.219292,keep_sL2_separate_3D_LIP,12.174930572509766,23.243633106882232,15.860809326171875,0.25,5.810908276720558,1.0616940684999128
C2,2,800,10094,4.219292,keep_sL2_separate_3D_LIP,12.174930572509766,23.243633106882232,15.860809326171875,0.5,11.621816553441116,1.1315009666437497
C2,2,800,10094,4.219292,keep_sL2_separate_3D_LIP,12.174930572509766,23.243633106882232,15.860809326171875,0.75,17.432724830161675,1.2111335852406793
C2,2,800,10094,4.219292,keep_sL2_separate_3D_LIP,12.174930572509766,23.243633106882232,15.860809326171875,1.0,23.243633106882232,1.302823518721889
C2,2,800,10094,4.219292,integrated_sL2_plus_3D_LIP,12.05478286743164,24.001099548059777,0.0,0.25,6.000274887014944,1.0638328982324445
C2,2,800,10094,4.219292,integrated_sL2_plus_3D_LIP,12.05478286743164,24.001099548059777,0.0,0.5,12.000549774029889,1.1363707357627142
C2,2,800,10094,4.219292,integrated_sL2_plus_3D_LIP,12.05478286743164,24.001099548059777,0.0,0.75,18.000824661044835,1.2195244596867698
C2,2,800,10094,4.219292,integrated_sL2_plus_3D_LIP,12.05478286743164,24.001099548059777,0.0,1.0,24.001099548059777,1.3158085104565094
C2,2,800,10094,4.219292,remove_sL2_3D_only_LIP,12.174930572509766,23.243633106882232,0.0,0.25,5.810908276720558,1.0616940684999128
C2,2,800,10094,4.219292,remove_sL2_3D_only_LIP,12.174930572509766,23.243633106882232,0.0,0.5,11.621816553441116,1.1315009666437497
C2,2,800,10094,4.219292,remove_sL2_3D_only_LIP,12.174930572509766,23.243633106882232,0.0,0.75,17.432724830161675,1.2111335852406793
C2,2,800,10094,4.219292,remove_sL2_3D_only_LIP,12.174930572509766,23.243633106882232,0.0,1.0,23.243633106882232,1.302823518721889
C2,2,800,10094,4.219292,integrated_sL2_plus_3D_LRU,15.98004150390625,-0.745537835804666,0.0,0.25,-0.1863844589511665,0.9981396228643471
C2,2,800,10094,4.219292,integrated_sL2_plus_3D_LRU,15.98004150390625,-0.745537835804666,0.0,0.5,-0.372768917902333,0.9962861548812385
C2,2,800,10094,4.219292,integrated_sL2_plus_3D_LRU,15.98004150390625,-0.745537835804666,0.0,0.75,-0.5591533768534995,0.9944395576327295
C2,2,800,10094,4.219292,integrated_sL2_plus_3D_LRU,15.98004150390625,-0.745537835804666,0.0,1.0,-0.745537835804666,0.9925997929851768
C2,2,800,10094,4.219292,ideal_nonoverlap_retention_bound,12.053642491810024,24.008289000934884,0,,,
C3,1,400,3332,0.696388,keep_sL2_separate_3D_LIP,15.35279893875122,3.2088880375327755,15.860809326171875,0.25,0.8022220093831939,1.0080870965623754
C3,1,400,3332,0.696388,keep_sL2_separate_3D_LIP,15.35279893875122,3.2088880375327755,15.860809326171875,0.5,1.6044440187663878,1.0163060618212512
C3,1,400,3332,0.696388,keep_sL2_separate_3D_LIP,15.35279893875122,3.2088880375327755,15.860809326171875,0.75,2.4066660281495817,1.0246601476781576
C3,1,400,3332,0.696388,keep_sL2_separate_3D_LIP,15.35279893875122,3.2088880375327755,15.860809326171875,1.0,3.2088880375327755,1.0331527138439849
C3,1,400,3332,0.696388,integrated_sL2_plus_3D_LIP,15.23359727859497,3.960390176023887,0.0,0.25,0.9900975440059717,1.0099999850464052
C3,1,400,3332,0.696388,integrated_sL2_plus_3D_LIP,15.23359727859497,3.960390176023887,0.0,0.5,1.9801950880119434,1.020201989687594
C3,1,400,3332,0.696388,integrated_sL2_plus_3D_LIP,15.23359727859497,3.960390176023887,0.0,0.75,2.970292632017915,1.0306121981874394
C3,1,400,3332,0.696388,integrated_sL2_plus_3D_LIP,15.23359727859497,3.960390176023887,0.0,1.0,3.960390176023887,1.0412370498306125
C3,1,400,3332,0.696388,remove_sL2_3D_only_LIP,15.35279893875122,3.2088880375327755,0.0,0.25,0.8022220093831939,1.0080870965623754
C3,1,400,3332,0.696388,remove_sL2_3D_only_LIP,15.35279893875122,3.2088880375327755,0.0,0.5,1.6044440187663878,1.0163060618212512
C3,1,400,3332,0.696388,remove_sL2_3D_only_LIP,15.35279893875122,3.2088880375327755,0.0,0.75,2.4066660281495817,1.0246601476781576
C3,1,400,3332,0.696388,remove_sL2_3D_only_LIP,15.35279893875122,3.2088880375327755,0.0,1.0,3.2088880375327755,1.0331527138439849
C3,1,400,3332,0.696388,integrated_sL2_plus_3D_LRU,15.98004150390625,-0.745537835804666,0.0,0.25,-0.1863844589511665,0.9981396228643471
C3,1,400,3332,0.696388,integrated_sL2_plus_3D_LRU,15.98004150390625,-0.745537835804666,0.0,0.5,-0.372768917902333,0.9962861548812385
C3,1,400,3332,0.696388,integrated_sL2_plus_3D_LRU,15.98004150390625,-0.745537835804666,0.0,0.75,-0.5591533768534995,0.9944395576327295
C3,1,400,3332,0.696388,integrated_sL2_plus_3D_LRU,15.98004150390625,-0.745537835804666,0.0,1.0,-0.745537835804666,0.9925997929851768
C3,1,400,3332,0.696388,ideal_nonoverlap_retention_bound,15.232072514481843,3.970002990897509,0,,,
C3,1,500,4165,0.870485,keep_sL2_separate_3D_LIP,15.19575548171997,4.198962283481378,15.860809326171875,0.25,1.0497405708703444,1.0106087702743438
C3,1,500,4165,0.870485,keep_sL2_separate_3D_LIP,15.19575548171997,4.198962283481378,15.860809326171875,0.5,2.099481141740689,1.0214450461164595
C3,1,500,4165,0.870485,keep_sL2_separate_3D_LIP,15.19575548171997,4.198962283481378,15.860809326171875,0.75,3.149221712611033,1.0325162251486117
C3,1,500,4165,0.870485,keep_sL2_separate_3D_LIP,15.19575548171997,4.198962283481378,15.860809326171875,1.0,4.198962283481378,1.0438300292310652
C3,1,500,4165,0.870485,integrated_sL2_plus_3D_LIP,15.076539039611816,4.950557614201967,0.0,0.25,1.2376394035504918,1.0125314886772259
C3,1,500,4165,0.870485,integrated_sL2_plus_3D_LIP,15.076539039611816,4.950557614201967,0.0,0.5,2.4752788071009837,1.0253810395643685
C3,1,500,4165,0.870485,integrated_sL2_plus_3D_LIP,15.076539039611816,4.950557614201967,0.0,0.75,3.712918210651475,1.0385609174320434
C3,1,500,4165,0.870485,integrated_sL2_plus_3D_LIP,15.076539039611816,4.950557614201967,0.0,1.0,4.950557614201967,1.0520840258494948
C3,1,500,4165,0.870485,remove_sL2_3D_only_LIP,15.19575548171997,4.198962283481378,0.0,0.25,1.0497405708703444,1.0106087702743438
C3,1,500,4165,0.870485,remove_sL2_3D_only_LIP,15.19575548171997,4.198962283481378,0.0,0.5,2.099481141740689,1.0214450461164595
C3,1,500,4165,0.870485,remove_sL2_3D_only_LIP,15.19575548171997,4.198962283481378,0.0,0.75,3.149221712611033,1.0325162251486117
C3,1,500,4165,0.870485,remove_sL2_3D_only_LIP,15.19575548171997,4.198962283481378,0.0,1.0,4.198962283481378,1.0438300292310652
C3,1,500,4165,0.870485,integrated_sL2_plus_3D_LRU,15.98004150390625,-0.745537835804666,0.0,0.25,-0.1863844589511665,0.9981396228643471
C3,1,500,4165,0.870485,integrated_sL2_plus_3D_LRU,15.98004150390625,-0.745537835804666,0.0,0.5,-0.372768917902333,0.9962861548812385
C3,1,500,4165,0.870485,integrated_sL2_plus_3D_LRU,15.98004150390625,-0.745537835804666,0.0,0.75,-0.5591533768534995,0.9944395576327295
C3,1,500,4165,0.870485,integrated_sL2_plus_3D_LRU,15.98004150390625,-0.745537835804666,0.0,1.0,-0.745537835804666,0.9925997929851768
C3,1,500,4165,0.870485,ideal_nonoverlap_retention_bound,15.074998937780038,4.9602671251144725,0,,,
C3,1,600,4998,1.044582,keep_sL2_separate_3D_LIP,15.038697242736816,5.189129721659458,15.860809326171875,0.25,1.2972824304148645,1.0131433304204647
C3,1,600,4998,1.044582,keep_sL2_separate_3D_LIP,15.038697242736816,5.189129721659458,15.860809326171875,0.5,2.594564860829729,1.0266367565333772
C3,1,600,4998,1.044582,keep_sL2_separate_3D_LIP,15.038697242736816,5.189129721659458,15.860809326171875,0.75,3.891847291244593,1.0404944552730961
C3,1,600,4998,1.044582,keep_sL2_separate_3D_LIP,15.038697242736816,5.189129721659458,15.860809326171875,1.0,5.189129721659458,1.0547313794971558
C3,1,600,4998,1.044582,integrated_sL2_plus_3D_LIP,14.919495582580566,5.940631860150569,0.0,0.25,1.4851579650376423,1.0150754742570725
C3,1,600,4998,1.044582,integrated_sL2_plus_3D_LIP,14.919495582580566,5.940631860150569,0.0,0.5,2.9703159300752846,1.030612445650495
C3,1,600,4998,1.044582,integrated_sL2_plus_3D_LIP,14.919495582580566,5.940631860150569,0.0,0.75,4.455473895112927,1.0466324349154423
C3,1,600,4998,1.044582,integrated_sL2_plus_3D_LIP,14.919495582580566,5.940631860150569,0.0,1.0,5.940631860150569,1.0631583220006104
C3,1,600,4998,1.044582,remove_sL2_3D_only_LIP,15.038697242736816,5.189129721659458,0.0,0.25,1.2972824304148645,1.0131433304204647
C3,1,600,4998,1.044582,remove_sL2_3D_only_LIP,15.038697242736816,5.189129721659458,0.0,0.5,2.594564860829729,1.0266367565333772
C3,1,600,4998,1.044582,remove_sL2_3D_only_LIP,15.038697242736816,5.189129721659458,0.0,0.75,3.891847291244593,1.0404944552730961
C3,1,600,4998,1.044582,remove_sL2_3D_only_LIP,15.038697242736816,5.189129721659458,0.0,1.0,5.189129721659458,1.0547313794971558
C3,1,600,4998,1.044582,integrated_sL2_plus_3D_LRU,15.98004150390625,-0.745537835804666,0.0,0.25,-0.1863844589511665,0.9981396228643471
C3,1,600,4998,1.044582,integrated_sL2_plus_3D_LRU,15.98004150390625,-0.745537835804666,0.0,0.5,-0.372768917902333,0.9962861548812385
C3,1,600,4998,1.044582,integrated_sL2_plus_3D_LRU,15.98004150390625,-0.745537835804666,0.0,0.75,-0.5591533768534995,0.9944395576327295
C3,1,600,4998,1.044582,integrated_sL2_plus_3D_LRU,15.98004150390625,-0.745537835804666,0.0,1.0,-0.745537835804666,0.9925997929851768
C3,1,600,4998,1.044582,ideal_nonoverlap_retention_bound,14.917925361078233,5.950531259331435,0,,,
C3,1,700,5831,1.218679,keep_sL2_separate_3D_LIP,14.881653785705566,6.179203967608061,15.860809326171875,0.25,1.5448009919020151,1.0156903953012675
C3,1,700,5831,1.218679,keep_sL2_separate_3D_LIP,14.881653785705566,6.179203967608061,15.860809326171875,0.5,3.0896019838040303,1.0318810163516994
C3,1,700,5831,1.218679,keep_sL2_separate_3D_LIP,14.881653785705566,6.179203967608061,15.860809326171875,0.75,4.634402975706045,1.0485961722079447
C3,1,700,5831,1.218679,keep_sL2_separate_3D_LIP,14.881653785705566,6.179203967608061,15.860809326171875,1.0,6.179203967608061,1.0658617729642228
C3,1,700,5831,1.218679,integrated_sL2_plus_3D_LIP,14.762452125549316,6.930706106099171,0.0,0.25,1.7326765265247928,1.0176322755650558
C3,1,700,5831,1.218679,integrated_sL2_plus_3D_LIP,14.762452125549316,6.930706106099171,0.0,0.5,3.4653530530495855,1.0358975058452737
C3,1,700,5831,1.218679,integrated_sL2_plus_3D_LIP,14.762452125549316,6.930706106099171,0.0,0.75,5.198029579574379,1.054830395998335
C3,1,700,5831,1.218679,integrated_sL2_plus_3D_LIP,14.762452125549316,6.930706106099171,0.0,1.0,6.930706106099171,1.0744682356137802
C3,1,700,5831,1.218679,remove_sL2_3D_only_LIP,14.881653785705566,6.179203967608061,0.0,0.25,1.5448009919020151,1.0156903953012675
C3,1,700,5831,1.218679,remove_sL2_3D_only_LIP,14.881653785705566,6.179203967608061,0.0,0.5,3.0896019838040303,1.0318810163516994
C3,1,700,5831,1.218679,remove_sL2_3D_only_LIP,14.881653785705566,6.179203967608061,0.0,0.75,4.634402975706045,1.0485961722079447
C3,1,700,5831,1.218679,remove_sL2_3D_only_LIP,14.881653785705566,6.179203967608061,0.0,1.0,6.179203967608061,1.0658617729642228
C3,1,700,5831,1.218679,integrated_sL2_plus_3D_LRU,15.98004150390625,-0.745537835804666,0.0,0.25,-0.1863844589511665,0.9981396228643471
C3,1,700,5831,1.218679,integrated_sL2_plus_3D_LRU,15.98004150390625,-0.745537835804666,0.0,0.5,-0.372768917902333,0.9962861548812385
C3,1,700,5831,1.218679,integrated_sL2_plus_3D_LRU,15.98004150390625,-0.745537835804666,0.0,0.75,-0.5591533768534995,0.9944395576327295
C3,1,700,5831,1.218679,integrated_sL2_plus_3D_LRU,15.98004150390625,-0.745537835804666,0.0,1.0,-0.745537835804666,0.9925997929851768
C3,1,700,5831,1.218679,ideal_nonoverlap_retention_bound,14.760851784376428,6.940795393548399,0,,,
C3,1,800,6664,1.392776,keep_sL2_separate_3D_LIP,14.724610328674316,7.169278213556662,15.860809326171875,0.25,1.7923195533891656,1.018250299215279
C3,1,800,6664,1.392776,keep_sL2_separate_3D_LIP,14.724610328674316,7.169278213556662,15.860809326171875,0.5,3.584639106778331,1.0371791286530396
C3,1,800,6664,1.392776,keep_sL2_separate_3D_LIP,14.724610328674316,7.169278213556662,15.860809326171875,0.75,5.376958660167497,1.056825045824267
C3,1,800,6664,1.392776,keep_sL2_separate_3D_LIP,14.724610328674316,7.169278213556662,15.860809326171875,1.0,7.169278213556662,1.0772295860205585
C3,1,800,6664,1.392776,integrated_sL2_plus_3D_LIP,14.605393886566162,7.920873544277251,0.0,0.25,1.9802183860693128,1.0202022321766515
C3,1,800,6664,1.392776,integrated_sL2_plus_3D_LIP,14.605393886566162,7.920873544277251,0.0,0.5,3.9604367721386255,1.0412375550140953
C3,1,800,6664,1.392776,integrated_sL2_plus_3D_LIP,14.605393886566162,7.920873544277251,0.0,0.75,5.940655158207939,1.063158585339927
C3,1,800,6664,1.392776,integrated_sL2_plus_3D_LIP,14.605393886566162,7.920873544277251,0.0,1.0,7.920873544277251,1.0860224662110156
C3,1,800,6664,1.392776,remove_sL2_3D_only_LIP,14.724610328674316,7.169278213556662,0.0,0.25,1.7923195533891656,1.018250299215279
C3,1,800,6664,1.392776,remove_sL2_3D_only_LIP,14.724610328674316,7.169278213556662,0.0,0.5,3.584639106778331,1.0371791286530396
C3,1,800,6664,1.392776,remove_sL2_3D_only_LIP,14.724610328674316,7.169278213556662,0.0,0.75,5.376958660167497,1.056825045824267
C3,1,800,6664,1.392776,remove_sL2_3D_only_LIP,14.724610328674316,7.169278213556662,0.0,1.0,7.169278213556662,1.0772295860205585
C3,1,800,6664,1.392776,integrated_sL2_plus_3D_LRU,15.98004150390625,-0.745537835804666,0.0,0.25,-0.1863844589511665,0.9981396228643471
C3,1,800,6664,1.392776,integrated_sL2_plus_3D_LRU,15.98004150390625,-0.745537835804666,0.0,0.5,-0.372768917902333,0.9962861548812385
C3,1,800,6664,1.392776,integrated_sL2_plus_3D_LRU,15.98004150390625,-0.745537835804666,0.0,0.75,-0.5591533768534995,0.9944395576327295
C3,1,800,6664,1.392776,integrated_sL2_plus_3D_LRU,15.98004150390625,-0.745537835804666,0.0,1.0,-0.745537835804666,0.9925997929851768
C3,1,800,6664,1.392776,ideal_nonoverlap_retention_bound,14.603778207674623,7.931059527765362,0,,,
C3,2,400,3332,1.392776,keep_sL2_separate_3D_LIP,14.724610328674316,7.169278213556662,15.860809326171875,0.25,1.7923195533891656,1.018250299215279
C3,2,400,3332,1.392776,keep_sL2_separate_3D_LIP,14.724610328674316,7.169278213556662,15.860809326171875,0.5,3.584639106778331,1.0371791286530396
C3,2,400,3332,1.392776,keep_sL2_separate_3D_LIP,14.724610328674316,7.169278213556662,15.860809326171875,0.75,5.376958660167497,1.056825045824267
C3,2,400,3332,1.392776,keep_sL2_separate_3D_LIP,14.724610328674316,7.169278213556662,15.860809326171875,1.0,7.169278213556662,1.0772295860205585
C3,2,400,3332,1.392776,integrated_sL2_plus_3D_LIP,14.605393886566162,7.920873544277251,0.0,0.25,1.9802183860693128,1.0202022321766515
C3,2,400,3332,1.392776,integrated_sL2_plus_3D_LIP,14.605393886566162,7.920873544277251,0.0,0.5,3.9604367721386255,1.0412375550140953
C3,2,400,3332,1.392776,integrated_sL2_plus_3D_LIP,14.605393886566162,7.920873544277251,0.0,0.75,5.940655158207939,1.063158585339927
C3,2,400,3332,1.392776,integrated_sL2_plus_3D_LIP,14.605393886566162,7.920873544277251,0.0,1.0,7.920873544277251,1.0860224662110156
C3,2,400,3332,1.392776,remove_sL2_3D_only_LIP,14.724610328674316,7.169278213556662,0.0,0.25,1.7923195533891656,1.018250299215279
C3,2,400,3332,1.392776,remove_sL2_3D_only_LIP,14.724610328674316,7.169278213556662,0.0,0.5,3.584639106778331,1.0371791286530396
C3,2,400,3332,1.392776,remove_sL2_3D_only_LIP,14.724610328674316,7.169278213556662,0.0,0.75,5.376958660167497,1.056825045824267
C3,2,400,3332,1.392776,remove_sL2_3D_only_LIP,14.724610328674316,7.169278213556662,0.0,1.0,7.169278213556662,1.0772295860205585
C3,2,400,3332,1.392776,integrated_sL2_plus_3D_LRU,15.98004150390625,-0.745537835804666,0.0,0.25,-0.1863844589511665,0.9981396228643471
C3,2,400,3332,1.392776,integrated_sL2_plus_3D_LRU,15.98004150390625,-0.745537835804666,0.0,0.5,-0.372768917902333,0.9962861548812385
C3,2,400,3332,1.392776,integrated_sL2_plus_3D_LRU,15.98004150390625,-0.745537835804666,0.0,0.75,-0.5591533768534995,0.9944395576327295
C3,2,400,3332,1.392776,integrated_sL2_plus_3D_LRU,15.98004150390625,-0.745537835804666,0.0,1.0,-0.745537835804666,0.9925997929851768
C3,2,400,3332,1.392776,ideal_nonoverlap_retention_bound,14.603778207674623,7.931059527765362,0,,,
C3,2,500,4165,1.74097,keep_sL2_separate_3D_LIP,14.410508632659912,9.149519897683344,15.860809326171875,0.25,2.287379974420836,1.023409258433783
C3,2,500,4165,1.74097,keep_sL2_separate_3D_LIP,14.410508632659912,9.149519897683344,15.860809326171875,0.5,4.574759948841672,1.0479407748556786
C3,2,500,4165,1.74097,keep_sL2_separate_3D_LIP,14.410508632659912,9.149519897683344,15.860809326171875,0.75,6.862139923262508,1.0736772341302314
C3,2,500,4165,1.74097,keep_sL2_separate_3D_LIP,14.410508632659912,9.149519897683344,15.860809326171875,1.0,9.149519897683344,1.1007096482856125
C3,2,500,4165,1.74097,integrated_sL2_plus_3D_LIP,14.291306972503662,9.901022036174457,0.0,0.25,2.475255509043614,1.0253807946071898
C3,2,500,4165,1.74097,integrated_sL2_plus_3D_LIP,14.291306972503662,9.901022036174457,0.0,0.5,4.950511018087228,1.0520835100863013
C3,2,500,4165,1.74097,integrated_sL2_plus_3D_LIP,14.291306972503662,9.901022036174457,0.0,0.75,7.425766527130842,1.0802141832403842
C3,2,500,4165,1.74097,integrated_sL2_plus_3D_LIP,14.291306972503662,9.901022036174457,0.0,1.0,9.901022036174457,1.109890503310145
C3,2,500,4165,1.74097,remove_sL2_3D_only_LIP,14.410508632659912,9.149519897683344,0.0,0.25,2.287379974420836,1.023409258433783
C3,2,500,4165,1.74097,remove_sL2_3D_only_LIP,14.410508632659912,9.149519897683344,0.0,0.5,4.574759948841672,1.0479407748556786
C3,2,500,4165,1.74097,remove_sL2_3D_only_LIP,14.410508632659912,9.149519897683344,0.0,0.75,6.862139923262508,1.0736772341302314
C3,2,500,4165,1.74097,remove_sL2_3D_only_LIP,14.410508632659912,9.149519897683344,0.0,1.0,9.149519897683344,1.1007096482856125
C3,2,500,4165,1.74097,integrated_sL2_plus_3D_LRU,15.98004150390625,-0.745537835804666,0.0,0.25,-0.1863844589511665,0.9981396228643471
C3,2,500,4165,1.74097,integrated_sL2_plus_3D_LRU,15.98004150390625,-0.745537835804666,0.0,0.5,-0.372768917902333,0.9962861548812385
C3,2,500,4165,1.74097,integrated_sL2_plus_3D_LRU,15.98004150390625,-0.745537835804666,0.0,0.75,-0.5591533768534995,0.9944395576327295
C3,2,500,4165,1.74097,integrated_sL2_plus_3D_LRU,15.98004150390625,-0.745537835804666,0.0,1.0,-0.745537835804666,0.9925997929851768
C3,2,500,4165,1.74097,ideal_nonoverlap_retention_bound,14.289631054271013,9.911587796199289,0,,,
C3,2,600,4998,2.089164,keep_sL2_separate_3D_LIP,14.096406936645508,11.129761581810026,15.860809326171875,0.25,2.7824403954525065,1.0286207595291494
C3,2,600,4998,2.089164,keep_sL2_separate_3D_LIP,14.096406936645508,11.129761581810026,15.860809326171875,0.5,5.564880790905013,1.0589280856265288
C3,2,600,4998,2.089164,keep_sL2_separate_3D_LIP,14.096406936645508,11.129761581810026,15.860809326171875,0.75,8.34732118635752,1.0910755833261583
C3,2,600,4998,2.089164,keep_sL2_separate_3D_LIP,14.096406936645508,11.129761581810026,15.860809326171875,1.0,11.129761581810026,1.1252360945566224
C3,2,600,4998,2.089164,integrated_sL2_plus_3D_LIP,13.977205276489258,11.881263720301138,0.0,0.25,2.9703159300752846,1.030612445650495
C3,2,600,4998,2.089164,integrated_sL2_plus_3D_LIP,13.977205276489258,11.881263720301138,0.0,0.5,5.940631860150569,1.0631583220006104
C3,2,600,4998,2.089164,integrated_sL2_plus_3D_LIP,13.977205276489258,11.881263720301138,0.0,0.75,8.910947790225855,1.0978267703313491
C3,2,600,4998,2.089164,integrated_sL2_plus_3D_LIP,13.977205276489258,11.881263720301138,0.0,1.0,11.881263720301138,1.1348324343030596
C3,2,600,4998,2.089164,remove_sL2_3D_only_LIP,14.096406936645508,11.129761581810026,0.0,0.25,2.7824403954525065,1.0286207595291494
C3,2,600,4998,2.089164,remove_sL2_3D_only_LIP,14.096406936645508,11.129761581810026,0.0,0.5,5.564880790905013,1.0589280856265288
C3,2,600,4998,2.089164,remove_sL2_3D_only_LIP,14.096406936645508,11.129761581810026,0.0,0.75,8.34732118635752,1.0910755833261583
C3,2,600,4998,2.089164,remove_sL2_3D_only_LIP,14.096406936645508,11.129761581810026,0.0,1.0,11.129761581810026,1.1252360945566224
C3,2,600,4998,2.089164,integrated_sL2_plus_3D_LRU,15.98004150390625,-0.745537835804666,0.0,0.25,-0.1863844589511665,0.9981396228643471
C3,2,600,4998,2.089164,integrated_sL2_plus_3D_LRU,15.98004150390625,-0.745537835804666,0.0,0.5,-0.372768917902333,0.9962861548812385
C3,2,600,4998,2.089164,integrated_sL2_plus_3D_LRU,15.98004150390625,-0.745537835804666,0.0,0.75,-0.5591533768534995,0.9944395576327295
C3,2,600,4998,2.089164,integrated_sL2_plus_3D_LRU,15.98004150390625,-0.745537835804666,0.0,1.0,-0.745537835804666,0.9925997929851768
C3,2,600,4998,2.089164,ideal_nonoverlap_retention_bound,13.975483900867403,11.892116064633216,0,,,
C3,2,700,5831,2.437358,keep_sL2_separate_3D_LIP,13.782320022583008,13.109910073707242,15.860809326171875,0.25,3.2774775184268106,1.033885360248449
C3,2,700,5831,2.437358,keep_sL2_separate_3D_LIP,13.782320022583008,13.109910073707242,15.860809326171875,0.5,6.554955036853621,1.070147700602411
C3,2,700,5831,2.437358,keep_sL2_separate_3D_LIP,13.782320022583008,13.109910073707242,15.860809326171875,0.75,9.832432555280432,1.1090462217615946
C3,2,700,5831,2.437358,keep_sL2_separate_3D_LIP,13.782320022583008,13.109910073707242,15.860809326171875,1.0,13.109910073707242,1.1508792324283257
C3,2,700,5831,2.437358,integrated_sL2_plus_3D_LIP,13.663103580474854,13.86150540442782,0.0,0.25,3.465376351106955,1.0358977558529767
C3,2,700,5831,2.437358,integrated_sL2_plus_3D_LIP,13.663103580474854,13.86150540442782,0.0,0.5,6.93075270221391,1.074468773557802
C3,2,700,5831,2.437358,integrated_sL2_plus_3D_LIP,13.663103580474854,13.86150540442782,0.0,0.75,10.396129053320866,1.116023213545175
C3,2,700,5831,2.437358,integrated_sL2_plus_3D_LIP,13.663103580474854,13.86150540442782,0.0,1.0,13.86150540442782,1.160921147618249
C3,2,700,5831,2.437358,remove_sL2_3D_only_LIP,13.782320022583008,13.109910073707242,0.0,0.25,3.2774775184268106,1.033885360248449
C3,2,700,5831,2.437358,remove_sL2_3D_only_LIP,13.782320022583008,13.109910073707242,0.0,0.5,6.554955036853621,1.070147700602411
C3,2,700,5831,2.437358,remove_sL2_3D_only_LIP,13.782320022583008,13.109910073707242,0.0,0.75,9.832432555280432,1.1090462217615946
C3,2,700,5831,2.437358,remove_sL2_3D_only_LIP,13.782320022583008,13.109910073707242,0.0,1.0,13.109910073707242,1.1508792324283257
C3,2,700,5831,2.437358,integrated_sL2_plus_3D_LRU,15.98004150390625,-0.745537835804666,0.0,0.25,-0.1863844589511665,0.9981396228643471
C3,2,700,5831,2.437358,integrated_sL2_plus_3D_LRU,15.98004150390625,-0.745537835804666,0.0,0.5,-0.372768917902333,0.9962861548812385
C3,2,700,5831,2.437358,integrated_sL2_plus_3D_LRU,15.98004150390625,-0.745537835804666,0.0,0.75,-0.5591533768534995,0.9944395576327295
C3,2,700,5831,2.437358,integrated_sL2_plus_3D_LRU,15.98004150390625,-0.745537835804666,0.0,1.0,-0.745537835804666,0.9925997929851768
C3,2,700,5831,2.437358,ideal_nonoverlap_retention_bound,13.661336747463793,13.872644333067141,0,,,
C3,2,800,6664,2.785552,keep_sL2_separate_3D_LIP,13.468218326568604,15.090151757833913,15.860809326171875,0.25,3.7725379394584784,1.0392043794845693
C3,2,800,6664,2.785552,keep_sL2_separate_3D_LIP,13.468218326568604,15.090151757833913,15.860809326171875,0.5,7.545075878916957,1.0816081560895079
C3,2,800,6664,2.785552,keep_sL2_separate_3D_LIP,13.468218326568604,15.090151757833913,15.860809326171875,0.75,11.317613818375435,1.127619635709808
C3,2,800,6664,2.785552,keep_sL2_separate_3D_LIP,13.468218326568604,15.090151757833913,15.860809326171875,1.0,15.090151757833913,1.1777196882368255
C3,2,800,6664,2.785552,integrated_sL2_plus_3D_LIP,13.349016666412354,15.841653896325026,0.0,0.25,3.9604134740812564,1.0412373024222927
C3,2,800,6664,2.785552,integrated_sL2_plus_3D_LIP,13.349016666412354,15.841653896325026,0.0,0.5,7.920826948162513,1.086021916635843
C3,2,800,6664,2.785552,integrated_sL2_plus_3D_LIP,13.349016666412354,15.841653896325026,0.0,0.75,11.881240422243769,1.1348321342603527
C3,2,800,6664,2.785552,integrated_sL2_plus_3D_LIP,13.349016666412354,15.841653896325026,0.0,1.0,15.841653896325026,1.1882362787501746
C3,2,800,6664,2.785552,remove_sL2_3D_only_LIP,13.468218326568604,15.090151757833913,0.0,0.25,3.7725379394584784,1.0392043794845693
C3,2,800,6664,2.785552,remove_sL2_3D_only_LIP,13.468218326568604,15.090151757833913,0.0,0.5,7.545075878916957,1.0816081560895079
C3,2,800,6664,2.785552,remove_sL2_3D_only_LIP,13.468218326568604,15.090151757833913,0.0,0.75,11.317613818375435,1.127619635709808
C3,2,800,6664,2.785552,remove_sL2_3D_only_LIP,13.468218326568604,15.090151757833913,0.0,1.0,15.090151757833913,1.1777196882368255
C3,2,800,6664,2.785552,integrated_sL2_plus_3D_LRU,15.98004150390625,-0.745537835804666,0.0,0.25,-0.1863844589511665,0.9981396228643471
C3,2,800,6664,2.785552,integrated_sL2_plus_3D_LRU,15.98004150390625,-0.745537835804666,0.0,0.5,-0.372768917902333,0.9962861548812385
C3,2,800,6664,2.785552,integrated_sL2_plus_3D_LRU,15.98004150390625,-0.745537835804666,0.0,0.75,-0.5591533768534995,0.9944395576327295
C3,2,800,6664,2.785552,integrated_sL2_plus_3D_LRU,15.98004150390625,-0.745537835804666,0.0,1.0,-0.745537835804666,0.9925997929851768
C3,2,800,6664,2.785552,ideal_nonoverlap_retention_bound,13.347189594060183,15.853172601501068,0,,,
