mean_len,requests,policy,D_GB,hbm_avg_GB,hbm_ss_GB,reduction_avg_pct,reduction_ss_pct,tier_read_avg_GB,tier_fill_avg_GB,tier_read_ss_GB,tier_fill_ss_GB,resident_weight_frac,resident_kv_frac,resident_GB
10000,8,LRU,17.225023488,17.225023488,17.291608064,-0.7671604711078306,-0.7641838012892865,0.0,17.223974912,0.0,17.290559488,0.8919045181426463,0.10809548185735372,3.296641024
10000,8,LIP,17.225023488,13.92918528,13.995769856,18.51364096429886,18.44180593321316,3.295838208,13.928136704,3.295838208,13.99472128,0.877868665083041,0.12213133491695904,3.296886784
10000,8,LIP-bypass,17.225023488,13.92918528,13.995769856,18.51364096429886,18.44180593321316,3.295838208,13.928136704,3.295838208,13.99472128,0.877868665083041,0.12213133491695904,3.296886784
10000,8,managed,17.225023488,13.92812032,13.994704896,18.519871028094713,18.44801182365342,3.296903168,0.0,3.296903168,0.0,1.0,0.0,3.296903168
10000,8,managed+KV,17.225023488,13.92812032,13.994704896,18.519871028094713,18.44801182365342,3.296903168,0.0,3.296903168,0.0,0.8778692720161807,0.12213072798381927,3.296903168
1000,9,LRU,17.222083584,17.222083584,17.287806976,-0.7672550777378717,-0.76430499431559,0.0,17.221035008,0.0,17.2867584,0.8920652318444536,0.10793476815554635,3.296047104
1000,9,LIP,17.222083584,13.965180096,14.042308608,18.289046846366787,18.152518166985864,3.256903488,13.96413152,3.245498368,14.041260032,0.877868665083041,0.12213133491695904,3.296886784
1000,9,LIP-bypass,17.222083584,13.965180096,14.042308608,18.289046846366787,18.152518166985864,3.256903488,13.96413152,3.245498368,14.041260032,0.877868665083041,0.12213133491695904,3.296886784
1000,9,managed,17.222083584,13.925186752,13.990912,18.523049862122885,18.452090200117365,3.296896832,0.0,3.296894976,0.0,1.0,0.0,3.296903168
1000,9,managed+KV,17.222083584,13.964115136,14.041243648,18.295277979518833,18.158725429387378,3.257968448,0.0,3.246563328,0.0,0.8778692720161807,0.12213072798381927,3.296903168
300,11,LRU,17.216121792,17.216121792,17.264345088,-0.7674933678226914,-0.765255259605846,0.0,17.21507424,0.0,17.263296512,0.8931945707654306,0.10680542923456937,3.296575488
300,11,LIP,17.216121792,13.989894144,14.1195264,18.115904243478674,17.589826049661983,3.226227648,13.988846592,3.144818688,14.118477824,0.877868665083041,0.12213133491695904,3.296886784
300,11,LIP-bypass,17.216121792,13.989894144,14.1195264,18.115904243478674,17.589826049661983,3.226227648,13.988846592,3.144818688,14.118477824,0.877868665083041,0.12213133491695904,3.296886784
300,11,managed,17.216121792,13.919229952,13.967466496,18.529508049535124,18.477340459459157,3.29689184,0.0,3.296878592,0.0,1.0,0.0,3.296903168
300,11,managed+KV,17.216121792,13.988829184,14.11846144,18.122137549157703,17.596041806222352,3.227292608,0.0,3.145883648,0.0,0.8778692720161807,0.12213072798381927,3.296903168
120,17,LRU,17.18276352,17.18276352,17.213489152,-0.7688840046263801,-0.7673402053945511,0.0,17.181723136,0.0,17.212440576,0.8955858229358254,0.10441417706417458,3.29596928
120,17,LIP,17.18276352,14.071766912,14.270029824,17.47565832207487,16.46359797722581,3.110996608,14.070726528,2.943459328,14.268981248,0.877868665083041,0.12213133491695904,3.296886784
120,17,LIP-bypass,17.18276352,14.071766912,14.270029824,17.47565832207487,16.46359797722581,3.110996608,14.070726528,2.943459328,14.268981248,0.877868665083041,0.12213133491695904,3.296886784
120,17,managed,17.18276352,13.885890432,13.916643328,18.565737076316392,18.53231379375664,3.296873088,0.0,3.296845824,0.0,1.0,0.0,3.296903168
120,17,managed+KV,17.18276352,14.070701952,14.268964864,17.481903815157786,16.469832226754043,3.112061568,0.0,2.944524288,0.0,0.8778692720161807,0.12213072798381927,3.296903168
60,22,LRU,17.155965952,17.155965952,17.220042752,-0.7699931042268515,-0.7669976261423406,0.0,17.15493376,0.0,17.218994176,0.895274359554304,0.10472564044569602,3.295944704
60,22,LIP,17.155965952,14.149975104,14.326923264,16.886469835361584,16.16274922629114,3.005990848,14.148942912,2.893119488,14.325874688,0.877868665083041,0.12213133491695904,3.296886784
60,22,LIP-bypass,17.155965952,14.149975104,14.326923264,16.886469835361584,16.16274922629114,3.005990848,14.148942912,2.893119488,14.325874688,0.877868665083041,0.12213133491695904,3.296886784
60,22,managed,17.155965952,13.859109952,13.92320512,18.594941363185,18.525197789512838,3.296856,0.0,3.296837632,0.0,1.0,0.0,3.296903168
60,22,managed+KV,17.155965952,14.148910144,14.325858304,16.892725152733778,16.168981082003555,3.007055808,0.0,2.894184448,0.0,0.8778692720161807,0.12213072798381927,3.296903168
30,32,LRU,17.13326944,17.13326944,17.187012608,-0.7709671176818755,-0.768482976180862,0.0,17.132246464,0.0,17.185964032,0.8968427750175844,0.10315722498241568,3.296026624
30,32,LIP,17.13326944,14.183124352,14.29389312,16.580594106305902,16.194049636315434,2.950145088,14.182101376,2.893119488,14.292844544,0.877868665083041,0.12213133491695904,3.296886784
30,32,LIP-bypass,17.13326944,14.183124352,14.29389312,16.580594106305902,16.194049636315434,2.950145088,14.182101376,2.893119488,14.292844544,0.877868665083041,0.12213133491695904,3.296886784
30,32,managed,17.13326944,13.836422528,13.890174976,18.619754129341437,18.561073263324534,3.296846912,0.0,3.296837632,0.0,1.0,0.0,3.296903168
30,32,managed+KV,17.13326944,14.182059392,14.29282816,16.586857770664743,16.200293560496903,2.951210048,0.0,2.894184448,0.0,0.8778692720161807,0.12213072798381927,3.296903168
16,45,LRU,16.986473856,16.986473856,17.194876928,-0.7776551573493773,-0.7681287998371644,0.0,16.98551744,0.0,17.193828352,0.8964756231220596,0.1035243768779404,3.296206848
16,45,LIP,16.986473856,14.063465088,14.30175744,16.564023412353457,16.186586166768446,2.923008768,14.062508672,2.893119488,14.300708864,0.877868665083041,0.12213133491695904,3.296886784
16,45,LIP-bypass,16.986473856,14.063465088,14.30175744,16.564023412353457,16.186586166768446,2.923008768,14.062508672,2.893119488,14.300708864,0.877868665083041,0.12213133491695904,3.296886784
16,45,managed,16.986473856,13.68963136,13.898039296,18.781910823592895,18.552518886366865,3.296842496,0.0,3.296837632,0.0,1.0,0.0,3.296903168
16,45,managed+KV,16.986473856,14.062400128,14.30069248,16.570341626041962,16.192827213267126,2.924073728,0.0,2.894184448,0.0,0.8778692720161807,0.12213072798381927,3.296903168
10,76,LRU,17.068779584,17.068779584,17.172856832,-0.7738686660246241,-0.7691213173509848,0.0,17.067779136,0.0,17.171808256,0.8975102713423955,0.10248972865760453,3.295911936
10,76,LIP,17.068779584,14.153636416,14.279737344,16.43710141587077,16.20750124020812,2.915143168,14.152635968,2.893119488,14.278688768,0.877868665083041,0.12213133491695904,3.296886784
10,76,LIP-bypass,17.068779584,14.153636416,14.279737344,16.43710141587077,16.20750124020812,2.915143168,14.152635968,2.893119488,14.278688768,0.877868665083041,0.12213133491695904,3.296886784
10,76,managed,17.068779584,13.771938368,13.8760192,18.690642084665075,18.576491037813845,3.296841216,0.0,3.296837632,0.0,1.0,0.0,3.296903168
10,76,managed+KV,17.068779584,14.152571456,14.278672384,16.443388926858095,16.213750350911603,2.916208128,0.0,2.894184448,0.0,0.8778692720161807,0.12213072798381927,3.296903168
