family,label,ctx,dead_pct,delta_pp,slope_pp,normalised,residual_norm,residual_MiB
churn,mean output 10000,2048,0.0,0.006205890440259765,2.3463994378418014,0.002644856770835187,0.002645,1.016
churn,mean output 1000,2048,12.5,0.2995720331315006,2.346918165839907,0.12764485677083282,0.002645,1.016
churn,mean output 300,2048,37.5,0.8875144097971734,2.3501297419648197,0.3776448567708306,0.002645,1.016
churn,mean output 120,2048,87.5,2.0687158165308297,2.3571217908601105,0.8776448567708324,0.002645,1.016
churn,mean output 60,2048,100.0,2.3624485632216974,2.35621670750929,1.0026448567708337,0.002645,1.016
churn,mean output 30,2048,100.0,2.3670236270091003,2.360779702827633,1.0026448567708324,0.002645,1.016
churn,mean output 16,2048,100.0,2.365932719598419,2.3596916730997455,1.002644856770832,0.002645,1.016
churn,mean output 10,2048,100.0,2.3689897976057246,2.3627406869022485,1.002644856770833,0.002645,1.016
window,24 steps,8192,75.91721542803387,3.608180887679204,4.746717758258718,0.7601422859830675,0.000970,1.031
window,64 steps,8192,100.0,4.746921032893425,4.742320357570063,1.0009701317027262,0.000970,1.031
