net_area_mm2_per_die_per_tier,unallocated_from_800_mm2,case,layers,macros_per_die_per_tier,capacity_GB_gpu,capacity_GiB_gpu,occupied_macro_area_mm2_per_die_per_tier,serial_speedup_at_assumed_15_tbps,overlap_speedup_at_assumed_15_tbps
400,400.0,C3_BEOL_2.5x,1,3332,0.696388,0.6485618650913239,399.999936,1.0131503477887662,1.0231508519153014
400,400.0,C3_BEOL_2.5x,2,3332,1.392776,1.2971237301826477,399.999936,1.0266511677017875,1.0473990317966557
400,400.0,C2_BEOL_uncompensated,1,5047,1.054823,0.9823804721236229,399.99493800000005,1.0200546502816532,1.0354896216382905
400,400.0,C2_BEOL_uncompensated,2,5047,2.109646,1.9647609442472458,399.99493800000005,1.0409301402112217,1.0735909585515762
500,300.0,C3_BEOL_2.5x,1,4165,0.870485,0.8107023313641548,499.99992000000003,1.0164921541265954,1.0291070280179613
500,300.0,C3_BEOL_2.5x,2,4165,1.74097,1.6214046627283096,499.99992000000003,1.03353741242796,1.0599592928529298
500,300.0,C2_BEOL_uncompensated,1,6308,1.318372,1.2278296053409576,499.934232,1.0251915595720908,1.0447535891408148
500,300.0,C2_BEOL_uncompensated,2,6308,2.636744,2.4556592106819153,499.934232,1.0516851486452719,1.0937006172063226
600,200.0,C3_BEOL_2.5x,1,4998,1.044582,0.9728427976369858,599.999904,1.019856078854478,1.0351329568132166
600,200.0,C3_BEOL_2.5x,2,4998,2.089164,1.9456855952739716,599.999904,1.0405166596988566,1.0728244519518022
600,200.0,C2_BEOL_uncompensated,1,7570,1.58213,1.473473384976387,599.9527800000001,1.0303846045748128,1.054192359170578
600,200.0,C2_BEOL_uncompensated,2,7570,3.16426,2.946946769952774,599.9527800000001,1.0626735192493286,1.1145948855373051
700,100.0,C3_BEOL_2.5x,1,5831,1.218679,1.1349832639098167,699.999888,1.0232423422937824,1.0412298708272845
700,100.0,C3_BEOL_2.5x,2,5831,2.437358,2.2699665278196335,699.999888,1.0475908063999497,1.086005747515017
700,100.0,C2_BEOL_uncompensated,1,8832,1.845888,1.7191171646118164,699.9713280000001,1.0356305275298359,1.063803232174297
700,100.0,C2_BEOL_uncompensated,2,8832,3.691776,3.438234329223633,699.9713280000001,1.0738939349429442,1.136303038777796
800,0.0,C3_BEOL_2.5x,1,6664,1.392776,1.2971237301826477,799.999872,1.0266511677017875,1.0473990317966557
800,0.0,C3_BEOL_2.5x,2,6664,2.785552,2.5942474603652954,799.999872,1.0547618013551432,1.09951497715996
800,0.0,C2_BEOL_uncompensated,1,10094,2.109646,1.9647609442472458,799.9898760000001,1.0409301402112217,1.0735909585515762
800,0.0,C2_BEOL_uncompensated,2,10094,4.219292,3.9295218884944916,799.9898760000001,1.085353824423668,1.1588735758375546
