design_point,capacity_MB,hit_rate,organization,bound,beta,B_W_TBs,B_mix_TBs,cache_speedup,pinned_speedup
C3 1층,1390,0.0761748867303328,tag-first,serial,0.05,0.885,0.954040209661813,0.20286627912465643,1.0297017212499247
C3 1층,1390,0.0761748867303328,tag-first,serial,0.1,1.77,1.9002781237494708,0.33895372382658573,1.0297017212499247
C3 1층,1390,0.0761748867303328,tag-first,serial,0.15,2.655,2.838809065138042,0.4365753830355087,1.0297017212499247
C3 1층,1390,0.0761748867303328,tag-first,serial,0.2,3.54,3.769726810218132,0.5100205959123568,1.0297017212499247
C3 1층,1390,0.0761748867303328,tag-first,serial,0.25,4.425,4.693123620131208,0.5672809017505097,1.0297017212499247
C3 1층,1390,0.0761748867303328,tag-first,serial,0.3,5.31,5.609090271250925,0.6131752614197515,1.0297017212499247
C3 1층,1390,0.0761748867303328,tag-first,serial,0.35,6.194999999999999,6.5177160849315845,0.6507822736487909,1.0297017212499247
C3 1층,1390,0.0761748867303328,tag-first,serial,0.4,7.08,7.419088956544211,0.6821607761739223,1.0297017212499247
C3 1층,1390,0.0761748867303328,tag-first,serial,0.45,7.965,8.31329538382006,0.7087397888628668,1.0297017212499247
C3 1층,1390,0.0761748867303328,tag-first,serial,0.5,8.85,9.200420494520776,0.7315422379076824,1.0297017212499247
C3 1층,1390,0.0761748867303328,tag-first,serial,0.55,9.735000000000001,10.080548073453757,0.7513196400859454,1.0297017212499247
C3 1층,1390,0.0761748867303328,tag-first,serial,0.6,10.62,10.953760588850754,0.7686365184638296,1.0297017212499247
C3 1층,1390,0.0761748867303328,tag-first,serial,0.65,11.505,11.82013921812716,0.7839251565177099,1.0297017212499247
C3 1층,1390,0.0761748867303328,tag-first,serial,0.7,12.389999999999999,12.679763873038828,0.7975221773837695,1.0297017212499247
C3 1층,1390,0.0761748867303328,tag-first,serial,0.75,13.274999999999999,13.532713224252882,0.8096936176456545,1.0297017212499247
C3 1층,1390,0.0761748867303328,tag-first,serial,0.8,14.16,14.379064725348305,0.8206525073743197,1.0297017212499247
C3 1층,1390,0.0761748867303328,tag-first,serial,0.85,15.044999999999998,15.218894636261714,0.8305714453561832,1.0297017212499247
C3 1층,1390,0.0761748867303328,tag-first,serial,0.9,15.93,16.052278046193255,0.8395917564842924,1.0297017212499247
C3 1층,1390,0.0761748867303328,tag-first,serial,0.95,16.814999999999998,16.879288895987017,0.8478302681083785,1.0297017212499247
C3 1층,1390,0.0761748867303328,tag-first,serial,1.0,17.7,17.7,0.855384397628648,1.0297017212499247
C3 1층,1390,0.0761748867303328,tag-first,overlapped,0.05,0.885,0.954040209661813,0.2282259532429767,1.0473000902263458
C3 1층,1390,0.0761748867303328,tag-first,overlapped,0.1,1.77,1.9002781237494708,0.4162292085192592,1.0473000902263458
C3 1층,1390,0.0761748867303328,tag-first,overlapped,0.15,2.655,2.838809065138042,0.5737819511824928,1.0473000902263458
C3 1층,1390,0.0761748867303328,tag-first,overlapped,0.2,3.54,3.769726810218132,0.7077279580569222,1.0473000902263458
C3 1층,1390,0.0761748867303328,tag-first,overlapped,0.25,4.425,4.693123620131208,0.8230030827066805,1.0473000902263458
C3 1층,1390,0.0761748867303328,tag-first,overlapped,0.3,5.31,5.609090271250925,0.9232568050324709,1.0473000902263458
C3 1층,1390,0.0761748867303328,tag-first,overlapped,0.35,6.194999999999999,6.5177160849315845,1.0112456630095041,1.0473000902263458
C3 1층,1390,0.0761748867303328,tag-first,overlapped,0.4,7.08,7.419088956544211,1.0473000902263458,1.0473000902263458
C3 1층,1390,0.0761748867303328,tag-first,overlapped,0.45,7.965,8.31329538382006,1.0473000902263458,1.0473000902263458
C3 1층,1390,0.0761748867303328,tag-first,overlapped,0.5,8.85,9.200420494520776,1.0473000902263458,1.0473000902263458
C3 1층,1390,0.0761748867303328,tag-first,overlapped,0.55,9.735000000000001,10.080548073453757,1.0473000902263458,1.0473000902263458
C3 1층,1390,0.0761748867303328,tag-first,overlapped,0.6,10.62,10.953760588850754,1.0473000902263458,1.0473000902263458
C3 1층,1390,0.0761748867303328,tag-first,overlapped,0.65,11.505,11.82013921812716,1.0473000902263458,1.0473000902263458
C3 1층,1390,0.0761748867303328,tag-first,overlapped,0.7,12.389999999999999,12.679763873038828,1.0473000902263458,1.0473000902263458
C3 1층,1390,0.0761748867303328,tag-first,overlapped,0.75,13.274999999999999,13.532713224252882,1.0473000902263458,1.0473000902263458
C3 1층,1390,0.0761748867303328,tag-first,overlapped,0.8,14.16,14.379064725348305,1.0473000902263458,1.0473000902263458
C3 1층,1390,0.0761748867303328,tag-first,overlapped,0.85,15.044999999999998,15.218894636261714,1.0473000902263458,1.0473000902263458
C3 1층,1390,0.0761748867303328,tag-first,overlapped,0.9,15.93,16.052278046193255,1.0473000902263458,1.0473000902263458
C3 1층,1390,0.0761748867303328,tag-first,overlapped,0.95,16.814999999999998,16.879288895987017,1.0473000902263458,1.0473000902263458
C3 1층,1390,0.0761748867303328,tag-first,overlapped,1.0,17.7,17.7,1.0473000902263458,1.0473000902263458
C3 1층,1390,0.0761748867303328,parallel,serial,0.05,0.885,0.9087874074520093,0.1950357367315213,1.0297017212499247
C3 1층,1390,0.0761748867303328,parallel,serial,0.1,1.77,1.7288108848466939,0.31764533203996803,1.0297017212499247
C3 1층,1390,0.0761748867303328,parallel,serial,0.15,2.655,2.4724696481681705,0.40185412438720564,1.0297017212499247
C3 1층,1390,0.0761748867303328,parallel,serial,0.2,3.54,3.1499563038778264,0.4632599739536327,1.0297017212499247
C3 1층,1390,0.0761748867303328,parallel,serial,0.25,4.425,3.769726810218132,0.5100205959123568,1.0297017212499247
C3 1층,1390,0.0761748867303328,parallel,serial,0.3,5.31,4.338855235462024,0.5468170790255235,1.0297017212499247
C3 1층,1390,0.0761748867303328,parallel,serial,0.35,6.194999999999999,4.86330496664382,0.5765276287058019,1.0297017212499247
C3 1층,1390,0.0761748867303328,parallel,serial,0.4,7.08,5.348138458042518,0.6010192927002762,1.0297017212499247
C3 1층,1390,0.0761748867303328,parallel,serial,0.45,7.965,5.797681177223141,0.6215561539654302,1.0297017212499247
C3 1층,1390,0.0761748867303328,parallel,serial,0.5,8.85,6.215651007641584,0.6390245564889885,1.0297017212499247
C3 1층,1390,0.0761748867303328,parallel,serial,0.55,9.735000000000001,6.605261311094771,0.6540643942755686,1.0297017212499247
C3 1층,1390,0.0761748867303328,parallel,serial,0.6,10.62,6.969303699958518,0.6671492015133055,1.0297017212499247
C3 1층,1390,0.0761748867303328,parallel,serial,0.65,11.505,7.310215031515179,0.6786369160367797,1.0297017212499247
C3 1층,1390,0.0761748867303328,parallel,serial,0.7,12.389999999999999,7.630132025148944,0.6888031238332516,1.0297017212499247
C3 1층,1390,0.0761748867303328,parallel,serial,0.75,13.274999999999999,7.930936090490646,0.6978634545663661,1.0297017212499247
C3 1층,1390,0.0761748867303328,parallel,serial,0.8,14.16,8.214290354049899,0.7059890455695198,1.0297017212499247
C3 1층,1390,0.0761748867303328,parallel,serial,0.85,15.044999999999998,8.481670423679908,0.713317454433934,1.0297017212499247
C3 1층,1390,0.0761748867303328,parallel,serial,0.9,15.93,8.734390092612253,0.7199605099585925,1.0297017212499247
C3 1층,1390,0.0761748867303328,parallel,serial,0.95,16.814999999999998,8.97362292826743,0.726010058831597,1.0297017212499247
C3 1층,1390,0.0761748867303328,parallel,serial,1.0,17.7,9.200420494520776,0.7315422379076824,1.0297017212499247
C3 1층,1390,0.0761748867303328,parallel,overlapped,0.05,0.885,0.9087874074520093,0.2183628936596272,1.0473000902263458
C3 1층,1390,0.0761748867303328,parallel,overlapped,0.1,1.77,1.7288108848466939,0.3845514264905065,1.0473000902263458
C3 1층,1390,0.0761748867303328,parallel,overlapped,0.15,2.655,2.4724696481681705,0.5152694015383121,1.0473000902263458
C3 1층,1390,0.0761748867303328,parallel,overlapped,0.2,3.54,3.1499563038778264,0.6207778104956903,1.0473000902263458
C3 1층,1390,0.0761748867303328,parallel,overlapped,0.25,4.425,3.769726810218132,0.7077279580569222,1.0473000902263458
C3 1층,1390,0.0761748867303328,parallel,overlapped,0.3,5.31,4.338855235462024,0.7806204511748378,1.0473000902263458
C3 1층,1390,0.0761748867303328,parallel,overlapped,0.35,6.194999999999999,4.86330496664382,0.8426094684660513,1.0473000902263458
C3 1층,1390,0.0761748867303328,parallel,overlapped,0.4,7.08,5.348138458042518,0.8959712295744068,1.0473000902263458
C3 1층,1390,0.0761748867303328,parallel,overlapped,0.45,7.965,5.797681177223141,0.9423895937670974,1.0473000902263458
C3 1층,1390,0.0761748867303328,parallel,overlapped,0.5,8.85,6.215651007641584,0.9831369829878989,1.0473000902263458
C3 1층,1390,0.0761748867303328,parallel,overlapped,0.55,9.735000000000001,6.605261311094771,1.019192811720219,1.0473000902263458
C3 1층,1390,0.0761748867303328,parallel,overlapped,0.6,10.62,6.969303699958518,1.0473000902263458,1.0473000902263458
C3 1층,1390,0.0761748867303328,parallel,overlapped,0.65,11.505,7.310215031515179,1.0473000902263458,1.0473000902263458
C3 1층,1390,0.0761748867303328,parallel,overlapped,0.7,12.389999999999999,7.630132025148944,1.0473000902263458,1.0473000902263458
C3 1층,1390,0.0761748867303328,parallel,overlapped,0.75,13.274999999999999,7.930936090490646,1.0473000902263458,1.0473000902263458
C3 1층,1390,0.0761748867303328,parallel,overlapped,0.8,14.16,8.214290354049899,1.0473000902263458,1.0473000902263458
C3 1층,1390,0.0761748867303328,parallel,overlapped,0.85,15.044999999999998,8.481670423679908,1.0473000902263458,1.0473000902263458
C3 1층,1390,0.0761748867303328,parallel,overlapped,0.9,15.93,8.734390092612253,1.0473000902263458,1.0473000902263458
C3 1층,1390,0.0761748867303328,parallel,overlapped,0.95,16.814999999999998,8.97362292826743,1.0473000902263458,1.0473000902263458
C3 1층,1390,0.0761748867303328,parallel,overlapped,1.0,17.7,9.200420494520776,1.0473000902263458,1.0473000902263458
C2 1층,2110,0.1156323820151095,tag-first,serial,0.05,0.885,0.9942153103422247,0.21073236892688957,1.0457912873928705
C2 1층,2110,0.1156323820151095,tag-first,serial,0.1,1.77,1.97559888442077,0.350780622850953,1.0457912873928705
C2 1층,2110,0.1156323820151095,tag-first,serial,0.15,2.655,2.944397546628703,0.45060045064395843,1.0457912873928705
C2 1층,2110,0.1156323820151095,tag-first,serial,0.2,3.54,3.9008518313143,0.5253482709669064,1.0457912873928705
C2 1층,2110,0.1156323820151095,tag-first,serial,0.25,4.425,4.845196181881066,0.5834162458023522,1.0457912873928705
C2 1층,2110,0.1156323820151095,tag-first,serial,0.3,5.31,5.777659142372755,0.6298270879214851,1.0457912873928705
C2 1층,2110,0.1156323820151095,tag-first,serial,0.35,6.194999999999999,6.698463541872234,0.6677708465967845,1.0457912873928705
C2 1층,2110,0.1156323820151095,tag-first,serial,0.4,7.08,7.607826672026719,0.6993709014591445,1.0457912873928705
C2 1층,2110,0.1156323820151095,tag-first,serial,0.45,7.965,8.505960457996453,0.7260954021054049,1.0457912873928705
C2 1층,2110,0.1156323820151095,tag-first,serial,0.5,8.85,9.39307162310933,0.7489919047783424,1.0457912873928705
C2 1층,2110,0.1156323820151095,tag-first,serial,0.55,9.735000000000001,10.269361847490169,0.7688279201020257,1.0457912873928705
C2 1층,2110,0.1156323820151095,tag-first,serial,0.6,10.62,11.135027920920306,0.7861786320990216,1.0457912873928705
C2 1층,2110,0.1156323820151095,tag-first,serial,0.65,11.505,11.990261890170908,0.8014835893870946,1.0457912873928705
C2 1층,2110,0.1156323820151095,tag-first,serial,0.7,12.389999999999999,12.835251201041618,0.8150844600188794,1.0457912873928705
C2 1층,2110,0.1156323820151095,tag-first,serial,0.75,13.274999999999999,13.670178835325297,0.8272508402580436,1.0457912873928705
C2 1층,2110,0.1156323820151095,tag-first,serial,0.8,14.16,14.495223442908962,0.8381983062367293,1.0457912873928705
C2 1층,2110,0.1156323820151095,tag-first,serial,0.85,15.044999999999998,15.310559469211332,0.8481012988073954,1.0457912873928705
C2 1층,2110,0.1156323820151095,tag-first,serial,0.9,15.93,16.11635727814788,0.8571024883683392,1.0457912873928705
C2 1층,2110,0.1156323820151095,tag-first,serial,0.95,16.814999999999998,16.912783270805424,0.8653196927177357,1.0457912873928705
C2 1층,2110,0.1156323820151095,tag-first,serial,1.0,17.7,17.7,0.8728510627485967,1.0457912873928705
C2 1층,2110,0.1156323820151095,tag-first,overlapped,0.05,0.885,0.9942153103422247,0.23690973859260975,1.0736042160731847
C2 1층,2110,0.1156323820151095,tag-first,overlapped,0.1,1.77,1.97559888442077,0.4298401956538031,1.0736042160731847
C2 1층,2110,0.1156323820151095,tag-first,overlapped,0.15,2.655,2.944397546628703,0.5899975232153856,1.0736042160731847
C2 1층,2110,0.1156323820151095,tag-first,overlapped,0.2,3.54,3.9008518313143,0.7250787399519879,1.0736042160731847
C2 1층,2110,0.1156323820151095,tag-first,overlapped,0.25,4.425,4.845196181881066,0.8405455842431572,1.0736042160731847
C2 1층,2110,0.1156323820151095,tag-first,overlapped,0.3,5.31,5.777659142372755,0.9403810208939114,1.0736042160731847
C2 1층,2110,0.1156323820151095,tag-first,overlapped,0.35,6.194999999999999,6.698463541872234,1.0275579877843153,1.0736042160731847
C2 1층,2110,0.1156323820151095,tag-first,overlapped,0.4,7.08,7.607826672026719,1.0736042160731847,1.0736042160731847
C2 1층,2110,0.1156323820151095,tag-first,overlapped,0.45,7.965,8.505960457996453,1.0736042160731847,1.0736042160731847
C2 1층,2110,0.1156323820151095,tag-first,overlapped,0.5,8.85,9.39307162310933,1.0736042160731847,1.0736042160731847
C2 1층,2110,0.1156323820151095,tag-first,overlapped,0.55,9.735000000000001,10.269361847490169,1.0736042160731847,1.0736042160731847
C2 1층,2110,0.1156323820151095,tag-first,overlapped,0.6,10.62,11.135027920920306,1.0736042160731847,1.0736042160731847
C2 1층,2110,0.1156323820151095,tag-first,overlapped,0.65,11.505,11.990261890170908,1.0736042160731847,1.0736042160731847
C2 1층,2110,0.1156323820151095,tag-first,overlapped,0.7,12.389999999999999,12.835251201041618,1.0736042160731847,1.0736042160731847
C2 1층,2110,0.1156323820151095,tag-first,overlapped,0.75,13.274999999999999,13.670178835325297,1.0736042160731847,1.0736042160731847
C2 1층,2110,0.1156323820151095,tag-first,overlapped,0.8,14.16,14.495223442908962,1.0736042160731847,1.0736042160731847
C2 1층,2110,0.1156323820151095,tag-first,overlapped,0.85,15.044999999999998,15.310559469211332,1.0736042160731847,1.0736042160731847
C2 1층,2110,0.1156323820151095,tag-first,overlapped,0.9,15.93,16.11635727814788,1.0736042160731847,1.0736042160731847
C2 1층,2110,0.1156323820151095,tag-first,overlapped,0.95,16.814999999999998,16.912783270805424,1.0736042160731847,1.0736042160731847
C2 1층,2110,0.1156323820151095,tag-first,overlapped,1.0,17.7,17.7,1.0736042160731847,1.0736042160731847
C2 1층,2110,0.1156323820151095,parallel,serial,0.05,0.885,0.9471646736951785,0.20264194194971374,1.0457912873928705
C2 1층,2110,0.1156323820151095,parallel,serial,0.1,1.77,1.798108722454103,0.328921217740255,1.0457912873928705
C2 1층,2110,0.1156323820151095,parallel,serial,0.15,2.655,2.5667856899584254,0.41515859069211963,1.0457912873928705
C2 1층,2110,0.1156323820151095,parallel,serial,0.2,3.54,3.2645755381173016,0.4777930713268893,1.0457912873928705
C2 1층,2110,0.1156323820151095,parallel,serial,0.25,4.425,3.9008518313143,0.5253482709669064,1.0457912873928705
C2 1층,2110,0.1156323820151095,parallel,serial,0.3,5.31,4.483405253036682,0.5626846291513533,1.0457912873928705
C2 1층,2110,0.1156323820151095,parallel,serial,0.35,6.194999999999999,5.018764191265288,0.5927763832325016,1.0457912873928705
C2 1층,2110,0.1156323820151095,parallel,serial,0.4,7.08,5.512440442175092,0.6175456281340254,1.0457912873928705
C2 1층,2110,0.1156323820151095,parallel,serial,0.45,7.965,5.969119673353907,0.6382897608791319,1.0457912873928705
C2 1층,2110,0.1156323820151095,parallel,serial,0.5,8.85,6.392810612604629,0.6559161995994844,1.0457912873928705
C2 1층,2110,0.1156323820151095,parallel,serial,0.55,9.735000000000001,6.786963033700157,0.6710786696809514,1.0457912873928705
C2 1층,2110,0.1156323820151095,parallel,serial,0.6,10.62,7.154561896477657,0.6842600700467835,1.0457912873928705
C2 1층,2110,0.1156323820151095,parallel,serial,0.65,11.505,7.498203080634418,0.6958248502745937,1.0457912873928705
C2 1층,2110,0.1156323820151095,parallel,serial,0.7,12.389999999999999,7.820154779329855,0.7060532299603663,1.0457912873928705
C2 1층,2110,0.1156323820151095,parallel,serial,0.75,13.274999999999999,8.122407623547717,0.7151642031271357,1.0457912873928705
C2 1층,2110,0.1156323820151095,parallel,serial,0.8,14.16,8.406715878888988,0.7233313937289,1.0457912873928705
C2 1층,2110,0.1156323820151095,parallel,serial,0.85,15.044999999999998,8.674631516402695,0.7306942264963423,1.0457912873928705
C2 1층,2110,0.1156323820151095,parallel,serial,0.9,15.93,8.927532555197319,0.7373659521518533,1.0457912873928705
C2 1층,2110,0.1156323820151095,parallel,serial,0.95,16.814999999999998,9.166646769785325,0.7434395140859411,1.0457912873928705
C2 1층,2110,0.1156323820151095,parallel,serial,1.0,17.7,9.39307162310933,0.7489919047783424,1.0457912873928705
C2 1층,2110,0.1156323820151095,parallel,overlapped,0.05,0.885,0.9471646736951785,0.2267330026176629,1.0736042160731847
C2 1층,2110,0.1156323820151095,parallel,overlapped,0.1,1.77,1.798108722454103,0.3974715913711632,1.0736042160731847
C2 1층,2110,0.1156323820151095,parallel,overlapped,0.15,2.655,2.5667856899584254,0.5306786787839104,1.0736042160731847
C2 1층,2110,0.1156323820151095,parallel,overlapped,0.2,3.54,3.2645755381173016,0.6375039852040508,1.0736042160731847
C2 1층,2110,0.1156323820151095,parallel,overlapped,0.25,4.425,3.9008518313143,0.7250787399519879,1.0736042160731847
C2 1층,2110,0.1156323820151095,parallel,overlapped,0.3,5.31,4.483405253036682,0.7981764323375741,1.0736042160731847
C2 1층,2110,0.1156323820151095,parallel,overlapped,0.35,6.194999999999999,5.018764191265288,0.8601128213167867,1.0736042160731847
C2 1층,2110,0.1156323820151095,parallel,overlapped,0.4,7.08,5.512440442175092,0.9132629192613001,1.0736042160731847
C2 1층,2110,0.1156323820151095,parallel,overlapped,0.45,7.965,5.969119673353907,0.9593725301496671,1.0736042160731847
C2 1층,2110,0.1156323820151095,parallel,overlapped,0.5,8.85,6.392810612604629,0.9997536751388029,1.0736042160731847
C2 1층,2110,0.1156323820151095,parallel,overlapped,0.55,9.735000000000001,6.786963033700157,1.0354114414034215,1.0736042160731847
C2 1층,2110,0.1156323820151095,parallel,overlapped,0.6,10.62,7.154561896477657,1.0671287779540557,1.0736042160731847
C2 1층,2110,0.1156323820151095,parallel,overlapped,0.65,11.505,7.498203080634418,1.0736042160731847,1.0736042160731847
C2 1층,2110,0.1156323820151095,parallel,overlapped,0.7,12.389999999999999,7.820154779329855,1.0736042160731847,1.0736042160731847
C2 1층,2110,0.1156323820151095,parallel,overlapped,0.75,13.274999999999999,8.122407623547717,1.0736042160731847,1.0736042160731847
C2 1층,2110,0.1156323820151095,parallel,overlapped,0.8,14.16,8.406715878888988,1.0736042160731847,1.0736042160731847
C2 1층,2110,0.1156323820151095,parallel,overlapped,0.85,15.044999999999998,8.674631516402695,1.0736042160731847,1.0736042160731847
C2 1층,2110,0.1156323820151095,parallel,overlapped,0.9,15.93,8.927532555197319,1.0736042160731847,1.0736042160731847
C2 1층,2110,0.1156323820151095,parallel,overlapped,0.95,16.814999999999998,9.166646769785325,1.0736042160731847,1.0736042160731847
C2 1층,2110,0.1156323820151095,parallel,overlapped,1.0,17.7,9.39307162310933,1.0736042160731847,1.0736042160731847
C3 2층,2780,0.1523497734606656,tag-first,serial,0.05,0.885,1.034763716972819,0.2186206527721912,1.0612218364195922
C3 2층,2780,0.1523497734606656,tag-first,serial,0.1,1.77,2.0512577942350165,0.36255244309112633,1.0612218364195922
C3 2층,2780,0.1523497734606656,tag-first,serial,0.15,2.655,3.0499618469839223,0.4644859205080118,1.0612218364195922
C3 2층,2780,0.1523497734606656,tag-first,serial,0.2,3.54,4.031338848214987,0.540462873915371,1.0612218364195922
C3 2층,2780,0.1523497734606656,tag-first,serial,0.25,4.425,4.995835844350053,0.5992779809768793,1.0612218364195922
C3 2층,2780,0.1523497734606656,tag-first,serial,0.3,5.31,5.943884634253383,0.646155988018545,1.0612218364195922
C3 2층,2780,0.1523497734606656,tag-first,serial,0.35,6.194999999999999,6.875902413802272,0.6843962076291883,1.0612218364195922
C3 2층,2780,0.1523497734606656,tag-first,serial,0.4,7.08,7.792292388033725,0.7161846521630749,1.0612218364195922
C3 2층,2780,0.1523497734606656,tag-first,serial,0.45,7.965,8.693444352754257,0.7430270839585211,1.0612218364195922
C3 2층,2780,0.1523497734606656,tag-first,serial,0.5,8.85,9.579735247375396,0.7659945190421684,1.0612218364195922
C3 2층,2780,0.1523497734606656,tag-first,serial,0.55,9.735000000000001,10.45152968062209,0.7858695652645654,1.0612218364195922
C3 2층,2780,0.1523497734606656,tag-first,serial,0.6,10.62,11.309180430654393,0.8032373788668727,1.0612218364195922
C3 2층,2780,0.1523497734606656,tag-first,serial,0.65,11.505,12.15302892104367,0.8185442409661456,1.0612218364195922
C3 2층,2780,0.1523497734606656,tag-first,serial,0.7,12.389999999999999,12.983405673952367,0.8321364490645191,1.0612218364195922
C3 2층,2780,0.1523497734606656,tag-first,serial,0.75,13.274999999999999,13.800630741781163,0.8442868320361792,1.0612218364195922
C3 2층,2780,0.1523497734606656,tag-first,serial,0.8,14.16,14.605014118467675,0.8552132521920591,1.0612218364195922
C3 2층,2780,0.1523497734606656,tag-first,serial,0.85,15.044999999999998,15.396856131547148,0.8650917840740531,1.0612218364195922
C3 2층,2780,0.1523497734606656,tag-first,serial,0.9,15.93,16.176447816016843,0.8740662750489087,1.0612218364195922
C3 2층,2780,0.1523497734606656,tag-first,serial,0.95,16.814999999999998,16.94407127098177,0.8822553959197784,1.0612218364195922
C3 2층,2780,0.1523497734606656,tag-first,serial,1.0,17.7,17.7,0.8897579181090952,1.0612218364195922
C3 2층,2780,0.1523497734606656,tag-first,overlapped,0.05,0.885,1.034763716972819,0.24560584934272664,1.099296934409459
C3 2층,2780,0.1523497734606656,tag-first,overlapped,0.1,1.77,2.0512577942350165,0.4433306678651,1.099296934409459
C3 2층,2780,0.1523497734606656,tag-first,overlapped,0.15,2.655,3.0499618469839223,0.605932519181823,1.099296934409459
C3 2층,2780,0.1523497734606656,tag-first,overlapped,0.2,3.54,4.031338848214987,0.742006628440651,1.099296934409459
C3 2층,2780,0.1523497734606656,tag-first,overlapped,0.25,4.425,4.995835844350053,0.8575551979693381,1.099296934409459
C3 2층,2780,0.1523497734606656,tag-first,overlapped,0.3,5.31,5.943884634253383,0.9568966653046403,1.099296934409459
C3 2층,2780,0.1523497734606656,tag-first,overlapped,0.35,6.194999999999999,6.875902413802272,1.043217431458263,1.099296934409459
C3 2층,2780,0.1523497734606656,tag-first,overlapped,0.4,7.08,7.792292388033725,1.099296934409459,1.099296934409459
C3 2층,2780,0.1523497734606656,tag-first,overlapped,0.45,7.965,8.693444352754257,1.099296934409459,1.099296934409459
C3 2층,2780,0.1523497734606656,tag-first,overlapped,0.5,8.85,9.579735247375396,1.099296934409459,1.099296934409459
C3 2층,2780,0.1523497734606656,tag-first,overlapped,0.55,9.735000000000001,10.45152968062209,1.099296934409459,1.099296934409459
C3 2층,2780,0.1523497734606656,tag-first,overlapped,0.6,10.62,11.309180430654393,1.099296934409459,1.099296934409459
C3 2층,2780,0.1523497734606656,tag-first,overlapped,0.65,11.505,12.15302892104367,1.099296934409459,1.099296934409459
C3 2층,2780,0.1523497734606656,tag-first,overlapped,0.7,12.389999999999999,12.983405673952367,1.099296934409459,1.099296934409459
C3 2층,2780,0.1523497734606656,tag-first,overlapped,0.75,13.274999999999999,13.800630741781163,1.099296934409459,1.099296934409459
C3 2층,2780,0.1523497734606656,tag-first,overlapped,0.8,14.16,14.605014118467675,1.099296934409459,1.099296934409459
C3 2층,2780,0.1523497734606656,tag-first,overlapped,0.85,15.044999999999998,15.396856131547148,1.099296934409459,1.099296934409459
C3 2층,2780,0.1523497734606656,tag-first,overlapped,0.9,15.93,16.176447816016843,1.099296934409459,1.099296934409459
C3 2층,2780,0.1523497734606656,tag-first,overlapped,0.95,16.814999999999998,16.94407127098177,1.099296934409459,1.099296934409459
C3 2층,2780,0.1523497734606656,tag-first,overlapped,1.0,17.7,17.7,1.099296934409459,1.099296934409459
C3 2층,2780,0.1523497734606656,parallel,serial,0.05,0.885,0.9859073989340991,0.21027290707429147,1.0612218364195922
C3 2층,2780,0.1523497734606656,parallel,serial,0.1,1.77,1.867777741650265,0.34015771149318225,1.0612218364195922
C3 2층,2780,0.1523497734606656,parallel,serial,0.15,2.655,2.6612533424762583,0.4283556081553835,1.0612218364195922
C3 2층,2780,0.1523497734606656,parallel,serial,0.2,3.54,3.378990344605332,0.4921606164234205,1.0612218364195922
C3 2층,2780,0.1523497734606656,parallel,serial,0.25,4.425,4.031338848214987,0.5404628739153708,1.0612218364195922
C3 2층,2780,0.1523497734606656,parallel,serial,0.3,5.31,4.626845250588207,0.5783004066467873,1.0612218364195922
C3 2층,2780,0.1523497734606656,parallel,serial,0.35,6.194999999999999,5.17262875480827,0.6087416159038406,1.0612218364195922
C3 2층,2780,0.1523497734606656,parallel,serial,0.4,7.08,5.674667346182533,0.63376211332505,1.0612218364195922
C3 2층,2780,0.1523497734606656,parallel,serial,0.45,7.965,6.1380176546045275,0.6546914341820758,1.0612218364195922
C3 2층,2780,0.1523497734606656,parallel,serial,0.5,8.85,6.566985873423657,0.6724571817048127,1.0612218364195922
C3 2층,2780,0.1523497734606656,parallel,serial,0.55,9.735000000000001,6.965261991266901,0.6877262397569721,1.0612218364195922
C3 2층,2780,0.1523497734606656,parallel,serial,0.6,10.62,7.336026206680831,0.7009903587383023,1.0612218364195922
C3 2층,2780,0.1523497734606656,parallel,serial,0.65,11.505,7.682034026452858,0.7126201044106321,1.0612218364195922
C3 2층,2780,0.1523497734606656,parallel,serial,0.7,12.389999999999999,8.005684868282543,0.7229000217070365,1.0612218364195922
C3 2층,2780,0.1523497734606656,parallel,serial,0.75,13.274999999999999,8.309077781533533,0.7320522260697719,1.0612218364195922
C3 2층,2780,0.1523497734606656,parallel,serial,0.8,14.16,8.594057022491453,0.7402526345488245,1.0612218364195922
C3 2층,2780,0.1523497734606656,parallel,serial,0.85,15.044999999999998,8.86224957579706,0.7476423832750022,1.0612218364195922
C3 2층,2780,0.1523497734606656,parallel,serial,0.9,15.93,9.115096234985362,0.7543360183583165,1.0612218364195922
C3 2층,2780,0.1523497734606656,parallel,serial,0.95,16.814999999999998,9.35387749616378,0.760427476161112,1.0612218364195922
C3 2층,2780,0.1523497734606656,parallel,serial,1.0,17.7,9.579735247375396,0.7659945190421683,1.0612218364195922
C3 2층,2780,0.1523497734606656,parallel,overlapped,0.05,0.885,0.9859073989340991,0.2351195522793262,1.099296934409459
C3 2층,2780,0.1523497734606656,parallel,overlapped,0.1,1.77,1.867777741650265,0.4102995324840313,1.099296934409459
C3 2층,2780,0.1523497734606656,parallel,overlapped,0.15,2.655,2.6612533424762583,0.5458694207997574,1.099296934409459
C3 2층,2780,0.1523497734606656,parallel,overlapped,0.2,3.54,3.378990344605332,0.6538990623610703,1.099296934409459
C3 2층,2780,0.1523497734606656,parallel,overlapped,0.25,4.425,4.031338848214987,0.7420066284406509,1.099296934409459
C3 2층,2780,0.1523497734606656,parallel,overlapped,0.3,5.31,4.626845250588207,0.8152377179008053,1.099296934409459
C3 2층,2780,0.1523497734606656,parallel,overlapped,0.35,6.194999999999999,5.17262875480827,0.8770667306592934,1.099296934409459
C3 2층,2780,0.1523497734606656,parallel,overlapped,0.4,7.08,5.674667346182533,0.9299642833721495,1.099296934409459
C3 2층,2780,0.1523497734606656,parallel,overlapped,0.45,7.965,6.1380176546045275,0.9757352924294225,1.099296934409459
C3 2층,2780,0.1523497734606656,parallel,overlapped,0.5,8.85,6.566985873423657,1.0157290373949905,1.099296934409459
C3 2층,2780,0.1523497734606656,parallel,overlapped,0.55,9.735000000000001,6.965261991266901,1.0509744031813393,1.099296934409459
C3 2층,2780,0.1523497734606656,parallel,overlapped,0.6,10.62,7.336026206680831,1.0822696504919826,1.099296934409459
C3 2층,2780,0.1523497734606656,parallel,overlapped,0.65,11.505,7.682034026452858,1.099296934409459,1.099296934409459
C3 2층,2780,0.1523497734606656,parallel,overlapped,0.7,12.389999999999999,8.005684868282543,1.099296934409459,1.099296934409459
C3 2층,2780,0.1523497734606656,parallel,overlapped,0.75,13.274999999999999,8.309077781533533,1.099296934409459,1.099296934409459
C3 2층,2780,0.1523497734606656,parallel,overlapped,0.8,14.16,8.594057022491453,1.099296934409459,1.099296934409459
C3 2층,2780,0.1523497734606656,parallel,overlapped,0.85,15.044999999999998,8.86224957579706,1.099296934409459,1.099296934409459
C3 2층,2780,0.1523497734606656,parallel,overlapped,0.9,15.93,9.115096234985362,1.099296934409459,1.099296934409459
C3 2층,2780,0.1523497734606656,parallel,overlapped,0.95,16.814999999999998,9.35387749616378,1.099296934409459,1.099296934409459
C3 2층,2780,0.1523497734606656,parallel,overlapped,1.0,17.7,9.579735247375396,1.099296934409459,1.099296934409459
C2 2층,4220,0.231264764030219,tag-first,serial,0.05,0.885,1.1341813796828262,0.23774805268346044,1.095977508458831
C2 2층,4220,0.231264764030219,tag-first,serial,0.1,1.77,2.2352387700324834,0.39073483483032495,1.095977508458831
C2 2층,4220,0.231264764030219,tag-first,serial,0.15,2.655,3.304602375246276,0.49743091349769875,1.095977508458831
C2 2층,4220,0.231264764030219,tag-first,serial,0.2,3.54,4.343621231268828,0.576085337124457,1.095977508458831
C2 2층,4220,0.231264764030219,tag-first,serial,0.25,4.425,5.353568883405163,0.6364689129933139,1.095977508458831
C2 2층,4220,0.231264764030219,tag-first,serial,0.3,5.31,6.33564859393898,0.6842854420666307,1.095977508458831
C2 2층,4220,0.231264764030219,tag-first,serial,0.35,6.194999999999999,7.290998124529092,0.7230883412524163,1.095977508458831
C2 2층,4220,0.231264764030219,tag-first,serial,0.4,7.08,8.220694133348,0.755206748489261,1.095977508458831
C2 2층,4220,0.231264764030219,tag-first,serial,0.45,7.965,9.125756222690846,0.7822309691057697,1.095977508458831
C2 2층,4220,0.231264764030219,tag-first,serial,0.5,8.85,10.00715066904587,0.805283909316189,1.095977508458831
C2 2층,4220,0.231264764030219,tag-first,serial,0.55,9.735000000000001,10.865793864314236,0.8251810367383349,1.095977508458831
C2 2층,4220,0.231264764030219,tag-first,serial,0.6,10.62,11.702555493942898,0.8425288563686364,1.095977508458831
C2 2층,4220,0.231264764030219,tag-first,serial,0.65,11.505,12.51826147514097,0.8577878138908969,1.095977508458831
C2 2층,4220,0.231264764030219,tag-first,serial,0.7,12.389999999999999,13.313696676046758,0.8713137666426417,1.095977508458831
C2 2층,4220,0.231264764030219,tag-first,serial,0.75,13.274999999999999,14.089607434663995,0.8833860839149036,1.095977508458831
C2 2층,4220,0.231264764030219,tag-first,serial,0.8,14.16,14.84670389456041,0.894227149430392,1.095977508458831
C2 2층,4220,0.231264764030219,tag-first,serial,0.85,15.044999999999998,15.585662172693395,0.904016186196795,1.095977508458831
C2 2층,4220,0.231264764030219,tag-first,serial,0.9,15.93,16.307126373272585,0.9128992428694768,1.095977508458831
C2 2층,4220,0.231264764030219,tag-first,serial,0.95,16.814999999999998,17.011710460267203,0.9209965300198187,1.095977508458831
C2 2층,4220,0.231264764030219,tag-first,serial,1.0,17.7,17.7,0.9284078920269562,1.095977508458831
C2 2층,4220,0.231264764030219,tag-first,overlapped,0.05,0.885,1.1341813796828262,0.2666415858173185,1.1589044711779464
C2 2층,4220,0.231264764030219,tag-first,overlapped,0.1,1.77,2.2352387700324834,0.47539818497552405,1.1589044711779464
C2 2층,4220,0.231264764030219,tag-first,overlapped,0.15,2.655,3.304602375246276,0.643273445084105,1.1589044711779464
C2 2층,4220,0.231264764030219,tag-first,overlapped,0.2,3.54,4.343621231268828,0.7812052182306559,1.1589044711779464
C2 2층,4220,0.231264764030219,tag-first,overlapped,0.25,4.425,5.353568883405163,0.8965489359550155,1.1589044711779464
C2 2층,4220,0.231264764030219,tag-first,overlapped,0.3,5.31,6.33564859393898,0.994433271497571,1.1589044711779464
C2 2층,4220,0.231264764030219,tag-first,overlapped,0.35,6.194999999999999,7.290998124529092,1.0785435031433432,1.1589044711779464
C2 2층,4220,0.231264764030219,tag-first,overlapped,0.4,7.08,8.220694133348,1.1515959155007016,1.1589044711779464
C2 2층,4220,0.231264764030219,tag-first,overlapped,0.45,7.965,9.125756222690846,1.1589044711779464,1.1589044711779464
C2 2층,4220,0.231264764030219,tag-first,overlapped,0.5,8.85,10.00715066904587,1.1589044711779464,1.1589044711779464
C2 2층,4220,0.231264764030219,tag-first,overlapped,0.55,9.735000000000001,10.865793864314236,1.1589044711779464,1.1589044711779464
C2 2층,4220,0.231264764030219,tag-first,overlapped,0.6,10.62,11.702555493942898,1.1589044711779464,1.1589044711779464
C2 2층,4220,0.231264764030219,tag-first,overlapped,0.65,11.505,12.51826147514097,1.1589044711779464,1.1589044711779464
C2 2층,4220,0.231264764030219,tag-first,overlapped,0.7,12.389999999999999,13.313696676046758,1.1589044711779464,1.1589044711779464
C2 2층,4220,0.231264764030219,tag-first,overlapped,0.75,13.274999999999999,14.089607434663995,1.1589044711779464,1.1589044711779464
C2 2층,4220,0.231264764030219,tag-first,overlapped,0.8,14.16,14.84670389456041,1.1589044711779464,1.1589044711779464
C2 2층,4220,0.231264764030219,tag-first,overlapped,0.85,15.044999999999998,15.585662172693395,1.1589044711779464,1.1589044711779464
C2 2층,4220,0.231264764030219,tag-first,overlapped,0.9,15.93,16.307126373272585,1.1589044711779464,1.1589044711779464
C2 2층,4220,0.231264764030219,tag-first,overlapped,0.95,16.814999999999998,17.011710460267203,1.1589044711779464,1.1589044711779464
C2 2층,4220,0.231264764030219,tag-first,overlapped,1.0,17.7,17.7,1.1589044711779464,1.1589044711779464
C2 2층,4220,0.231264764030219,parallel,serial,0.05,0.885,1.0809355223996548,0.22879009518163873,1.095977508458831
C2 2층,4220,0.231264764030219,parallel,serial,0.1,1.77,2.037444697433189,0.36711182067748105,1.095977508458831
C2 2층,4220,0.231264764030219,parallel,serial,0.15,2.655,2.889842357246139,0.45976700524996217,1.095977508458831
C2 2층,4220,0.231264764030219,parallel,serial,0.2,3.54,3.6542492402025397,0.5261664615845421,1.095977508458831
C2 2층,4220,0.231264764030219,parallel,serial,0.25,4.425,4.343621231268828,0.576085337124457,1.095977508458831
C2 2층,4220,0.231264764030219,parallel,serial,0.3,5.31,4.968489688825177,0.6149820415352374,1.095977508458831
C2 2층,4220,0.231264764030219,parallel,serial,0.35,6.194999999999999,5.537503245466148,0.6461441900518353,1.095977508458831
C2 2층,4220,0.231264764030219,parallel,serial,0.4,7.08,6.057830535181248,0.6716701614353633,1.095977508458831
C2 2층,4220,0.231264764030219,parallel,serial,0.45,7.965,6.535463786490125,0.6929622336892511,1.095977508458831
C2 2층,4220,0.231264764030219,parallel,serial,0.5,8.85,6.975450629173502,0.7109931279239126,1.095977508458831
C2 2층,4220,0.231264764030219,parallel,serial,0.55,9.735000000000001,7.382073167128962,0.7264587896461211,1.095977508458831
C2 2층,4220,0.231264764030219,parallel,serial,0.6,10.62,7.758987801958266,0.7398702925298769,1.095977508458831
C2 2층,4220,0.231264764030219,parallel,serial,0.65,11.505,8.10933549002589,0.7516114025450763,1.095977508458831
C2 2층,4220,0.231264764030219,parallel,serial,0.7,12.389999999999999,8.43582947870049,0.7619758942994059,1.095977508458831
C2 2층,4220,0.231264764030219,parallel,serial,0.75,13.274999999999999,8.74082571181231,0.7711924684844212,1.095977508458831
C2 2층,4220,0.231264764030219,parallel,serial,0.8,14.16,9.026379770992005,0.7794418245613365,1.095977508458831
C2 2층,4220,0.231264764030219,parallel,serial,0.85,15.044999999999998,9.294293264078217,0.7868686264265305,1.095977508458831
C2 2층,4220,0.231264764030219,parallel,serial,0.9,15.93,9.546151873962392,0.7935900587159778,1.095977508458831
C2 2층,4220,0.231264764030219,parallel,serial,0.95,16.814999999999998,9.7833567661236,0.7997020556976918,1.095977508458831
C2 2층,4220,0.231264764030219,parallel,serial,1.0,17.7,10.00715066904587,0.805283909316189,1.095977508458831
C2 2층,4220,0.231264764030219,parallel,overlapped,0.05,0.885,1.0809355223996548,0.25542536089989176,1.1589044711779464
C2 2층,4220,0.231264764030219,parallel,overlapped,0.1,1.77,2.037444697433189,0.4408811221508522,1.1589044711779464
C2 2층,4220,0.231264764030219,parallel,overlapped,0.15,2.655,2.889842357246139,0.581654337395325,1.1589044711779464
C2 2층,4220,0.231264764030219,parallel,overlapped,0.2,3.54,3.6542492402025397,0.6921571222209141,1.1589044711779464
C2 2층,4220,0.231264764030219,parallel,overlapped,0.25,4.425,4.343621231268828,0.7812052182306559,1.1589044711779464
C2 2층,4220,0.231264764030219,parallel,overlapped,0.3,5.31,4.968489688825177,0.8544940372222837,1.1589044711779464
C2 2층,4220,0.231264764030219,parallel,overlapped,0.35,6.194999999999999,5.537503245466148,0.9158669808810833,1.1589044711779464
C2 2층,4220,0.231264764030219,parallel,overlapped,0.4,7.08,6.057830535181248,0.9680116308369286,1.1589044711779464
C2 2층,4220,0.231264764030219,parallel,overlapped,0.45,7.965,6.535463786490125,1.01286385221153,1.1589044711779464
C2 2층,4220,0.231264764030219,parallel,overlapped,0.5,8.85,6.975450629173502,1.0518534359392313,1.1589044711779464
C2 2층,4220,0.231264764030219,parallel,overlapped,0.55,9.735000000000001,7.382073167128962,1.0860593263605858,1.1589044711779464
C2 2층,4220,0.231264764030219,parallel,overlapped,0.6,10.62,7.758987801958266,1.1163110158869927,1.1589044711779464
C2 2층,4220,0.231264764030219,parallel,overlapped,0.65,11.505,8.10933549002589,1.1432566973989524,1.1589044711779464
C2 2층,4220,0.231264764030219,parallel,overlapped,0.7,12.389999999999999,8.43582947870049,1.1589044711779464,1.1589044711779464
C2 2층,4220,0.231264764030219,parallel,overlapped,0.75,13.274999999999999,8.74082571181231,1.1589044711779464,1.1589044711779464
C2 2층,4220,0.231264764030219,parallel,overlapped,0.8,14.16,9.026379770992005,1.1589044711779464,1.1589044711779464
C2 2층,4220,0.231264764030219,parallel,overlapped,0.85,15.044999999999998,9.294293264078217,1.1589044711779464,1.1589044711779464
C2 2층,4220,0.231264764030219,parallel,overlapped,0.9,15.93,9.546151873962392,1.1589044711779464,1.1589044711779464
C2 2층,4220,0.231264764030219,parallel,overlapped,0.95,16.814999999999998,9.7833567661236,1.1589044711779464,1.1589044711779464
C2 2층,4220,0.231264764030219,parallel,overlapped,1.0,17.7,10.00715066904587,1.1589044711779464,1.1589044711779464
