area_mm2,b_r_TBs,cap_GB,case,hbm_GB,layers,overlap_projection,serial_projection,served_GB
400,2,2.109646,C2,14.987593728,2,1.0761755720168287,0.8653786822974515,2.0438691839999983
500,2,2.636744,C2,14.476626432,2,1.0970680179693748,0.8372023610407052,2.5548364799999987
600,2,3.16426,C2,13.965659136,2,1.1187877192567202,0.8108029982843435,3.065803775999999
700,2,3.691776,C2,13.45469184,2,1.1413848021639434,0.7860176349787421,3.576771071999998
800,2,4.219292,C2,12.943724544,2,1.1589393802626418,0.7627026469498419,4.087738367999998
400,3,2.109646,C2,14.987593728,2,1.0761755720168287,0.9258278096732899,2.0438691839999983
500,3,2.636744,C2,14.476626432,2,1.0970680179693748,0.9089726859080516,2.5548364799999987
600,3,3.16426,C2,13.965659136,2,1.1187877192567202,0.892720299684916,3.065803775999999
700,3,3.691776,C2,13.45469184,2,1.1413848021639434,0.8770388881703185,3.576771071999998
800,3,4.219292,C2,12.943724544,2,1.1649135262273367,0.8618988817721102,4.087738367999998
400,4,2.109646,C2,14.987593728,2,1.0761755720168287,0.9593338907354371,2.0438691839999983
500,4,2.636744,C2,14.476626432,2,1.0970680179693748,0.9496789537109703,2.5548364799999987
600,4,3.16426,C2,13.965659136,2,1.1187877192567202,0.9402164189233012,3.065803775999999
700,4,3.691776,C2,13.45469184,2,1.1413848021639434,0.9309405918647453,3.576771071999998
800,4,4.219292,C2,12.943724544,2,1.1649135262273367,0.9218460005518933,4.087738367999998
400,5,2.109646,C2,14.987593728,2,1.0761755720168287,0.9806274724845733,2.0438691839999983
500,5,2.636744,C2,14.476626432,2,1.0970680179693748,0.9759010549746158,2.5548364799999987
600,5,3.16426,C2,13.965659136,2,1.1187877192567202,0.9712199795954505,3.065803775999999
700,5,3.691776,C2,13.45469184,2,1.1413848021639434,0.9665835969881139,3.576771071999998
800,5,4.219292,C2,12.943724544,2,1.1649135262273367,0.9619912701342963,4.087738367999998
400,6.4,2.109646,C2,14.987593728,2,1.0761755720168287,1.0000501347242852,2.0438691839999983
500,6.4,2.636744,C2,14.476626432,2,1.0970680179693748,1.0000626691908319,2.5548364799999987
600,6.4,3.16426,C2,13.965659136,2,1.1187877192567202,1.0000752039715926,3.065803775999999
700,6.4,3.691776,C2,13.45469184,2,1.1413848021639434,1.0000877390665794,3.576771071999998
800,6.4,4.219292,C2,12.943724544,2,1.1649135262273367,1.0001002744758034,4.087738367999998
400,8,2.109646,C2,14.987593728,2,1.0761755720168287,1.014401276446426,2.0438691839999983
500,8,2.636744,C2,14.476626432,2,1.0970680179693748,1.0180666412317418,2.5548364799999987
600,8,3.16426,C2,13.965659136,2,1.1187877192567202,1.02175859040741,3.065803775999999
700,8,3.691776,C2,13.45469184,2,1.1413848021639434,1.025477414245513,3.576771071999998
800,8,4.219292,C2,12.943724544,2,1.1649135262273367,1.0292234072595028,4.087738367999998
400,10,2.109646,C2,14.987593728,2,1.0761755720168287,1.0261821947004446,2.0438691839999983
500,10,2.636744,C2,14.476626432,2,1.0970680179693748,1.032943375845676,2.5548364799999987
600,10,3.16426,C2,13.965659136,2,1.1187877192567202,1.0397942423512656,3.065803775999999
700,10,3.691776,C2,13.45469184,2,1.1413848021639434,1.046736590612058,3.576771071999998
800,10,4.219292,C2,12.943724544,2,1.1649135262273367,1.053772265321008,4.087738367999998
400,12,2.109646,C2,14.987593728,2,1.0761755720168287,1.0341893482492401,2.0438691839999983
500,12,2.636744,C2,14.476626432,2,1.0970680179693748,1.043105119295278,2.5548364799999987
600,12,3.16426,C2,13.965659136,2,1.1187877192567202,1.0521759532925374,3.065803775999999
700,12,3.691776,C2,13.45469184,2,1.1413848021639434,1.0614059310059691,3.576771071999998
800,12,4.219292,C2,12.943724544,2,1.1649135262273367,1.0707992776581285,4.087738367999998
400,15,2.109646,C2,14.987593728,2,1.0761755720168287,1.0423224418483468,2.0438691839999983
500,15,2.636744,C2,14.476626432,2,1.0970680179693748,1.0534687846931525,2.5548364799999987
600,15,3.16426,C2,13.965659136,2,1.1187877192567202,1.064856096968755,3.065803775999999
700,15,3.691776,C2,13.45469184,2,1.1413848021639434,1.076492278232617,3.576771071999998
800,15,4.219292,C2,12.943724544,2,1.1649135262273367,1.0883855771456734,4.087738367999998
400,17.7,2.109646,C2,14.987593728,2,1.0761755720168287,1.047348150046435,2.0438691839999983
500,17.7,2.636744,C2,14.476626432,2,1.0970680179693748,1.059894156940474,2.5548364799999987
600,17.7,3.16426,C2,13.965659136,2,1.1187877192567202,1.0727443810030355,3.065803775999999
700,17.7,3.691776,C2,13.45469184,2,1.1413848021639434,1.0859100230786773,3.576771071999998
800,17.7,4.219292,C2,12.943724544,2,1.1649135262273367,1.099402840709841,4.087738367999998
400,19,2.109646,C2,14.987593728,2,1.0761755720168287,1.0492712426482496,2.0438691839999983
500,19,2.636744,C2,14.476626432,2,1.0970680179693748,1.0623571569632093,2.5548364799999987
600,19,3.16426,C2,13.965659136,2,1.1187877192567202,1.0757735935289208,3.065803775999999
700,19,3.691776,C2,13.45469184,2,1.1413848021639434,1.0895332349423834,3.576771071999998
800,19,4.219292,C2,12.943724544,2,1.1649135262273367,1.1036494210725134,4.087738367999998
400,21,2.109646,C2,14.987593728,2,1.0761755720168287,1.0517754643659774,2.0438691839999983
500,21,2.636744,C2,14.476626432,2,1.0970680179693748,1.065568034313508,2.5548364799999987
600,21,3.16426,C2,13.965659136,2,1.1187877192567202,1.0797271516998848,3.065803775999999
700,21,3.691776,C2,13.45469184,2,1.1413848021639434,1.0942676251922139,3.576771071999998
800,21,4.219292,C2,12.943724544,2,1.1649135262273367,1.1092050720483795,4.087738367999998
400,25,2.109646,C2,14.987593728,2,1.0761755720168287,1.0556048576856598,2.0438691839999983
500,25,2.636744,C2,14.476626432,2,1.0970680179693748,1.070485911881833,2.5548364799999987
600,25,3.16426,C2,13.965659136,2,1.1187877192567202,1.0857925271601045,3.065803775999999
700,25,3.691776,C2,13.45469184,2,1.1413848021639434,1.1015432233107578,3.576771071999998
800,25,4.219292,C2,12.943724544,2,1.1649135262273367,1.1177576105471998,4.087738367999998
