arch,area,b_r,b_r_name,base_hbm_GB,base_ms,breakeven_steps,cap_GB,case,gate,hbm_GB,net_gain_ms,overlap,preload_ms,serial,served_GB
integrated_LIP,400,15.0,slack_r1,17.031462912,4.514900917343127,,2.109646,C2,3-1,14.987593728,,1.0761755720168287,,1.0423224418483468,2.0438691839999983
integrated_LIP,400,17.7,deck_320,17.031462912,4.514900917343127,,2.109646,C2,3-1,14.987593728,,1.0761755720168287,,1.047348150046435,2.0438691839999983
integrated_LIP,400,19.0,via_L2_fabric,17.031462912,4.514900917343127,,2.109646,C2,3-1,14.987593728,,1.0761755720168287,,1.0492712426482496,2.0438691839999983
integrated_LIP,500,15.0,slack_r1,17.031462912,4.514900917343127,,2.636744,C2,3-1,14.476626432,,1.0970680179693748,,1.0534687846931525,2.5548364799999987
integrated_LIP,500,17.7,deck_320,17.031462912,4.514900917343127,,2.636744,C2,3-1,14.476626432,,1.0970680179693748,,1.059894156940474,2.5548364799999987
integrated_LIP,500,19.0,via_L2_fabric,17.031462912,4.514900917343127,,2.636744,C2,3-1,14.476626432,,1.0970680179693748,,1.0623571569632093,2.5548364799999987
integrated_LIP,600,15.0,slack_r1,17.031462912,4.514900917343127,,3.16426,C2,3-1,13.965659136,,1.1187877192567202,,1.064856096968755,3.065803775999999
integrated_LIP,600,17.7,deck_320,17.031462912,4.514900917343127,,3.16426,C2,3-1,13.965659136,,1.1187877192567202,,1.0727443810030355,3.065803775999999
integrated_LIP,600,19.0,via_L2_fabric,17.031462912,4.514900917343127,,3.16426,C2,3-1,13.965659136,,1.1187877192567202,,1.0757735935289208,3.065803775999999
integrated_LIP,700,15.0,slack_r1,17.031462912,4.514900917343127,,3.691776,C2,3-1,13.45469184,,1.1413848021639434,,1.076492278232617,3.576771071999998
integrated_LIP,700,17.7,deck_320,17.031462912,4.514900917343127,,3.691776,C2,3-1,13.45469184,,1.1413848021639434,,1.0859100230786773,3.576771071999998
integrated_LIP,700,19.0,via_L2_fabric,17.031462912,4.514900917343127,,3.691776,C2,3-1,13.45469184,,1.1413848021639434,,1.0895332349423834,3.576771071999998
integrated_LIP,800,15.0,slack_r1,17.031462912,4.514900917343127,,4.219292,C2,3-1,12.943724544,,1.1649135262273367,,1.0883855771456734,4.087738367999998
integrated_LIP,800,17.7,deck_320,17.031462912,4.514900917343127,,4.219292,C2,3-1,12.943724544,,1.1649135262273367,,1.099402840709841,4.087738367999998
integrated_LIP,800,19.0,via_L2_fabric,17.031462912,4.514900917343127,,4.219292,C2,3-1,12.943724544,,1.1649135262273367,,1.1036494210725134,4.087738367999998
keep_sL2_separate_3D_LIP,600,15.0,slack_r1,17.031462912,4.514900917343127,,3.16426,C2,3-2,14.094666752,,1.1132232364902868,,1.0619578919708699,2.9367961599999983
integrated_sL2_plus_3D_LIP,600,15.0,slack_r1,17.031462912,4.514900917343127,,3.16426,C2,3-2,13.965659136,,1.1187877192567202,,1.064856096968755,3.065803775999999
remove_sL2_3D_only_LIP,600,15.0,slack_r1,17.031462912,4.514900917343127,,3.16426,C2,3-2,14.094666752,,1.1132232364902868,,1.0619578919708699,2.9367961599999983
integrated_sL2_plus_3D_LRU,600,15.0,slack_r1,17.031462912,4.514900917343127,,3.16426,C2,3-2,17.158438912,,0.9956218005920148,,0.9974838123235228,-0.12697600000000264
integrated_LIP,400,0.8721545709113728,threshold,17.031462912,4.514900917343127,,,C2,3-3,14.987593728,,1.0761755720168287,,1.0423224418483468,2.0438691839999983
integrated_LIP,600,1.403961486838393,threshold,17.031462912,4.514900917343127,,,C2,3-3,13.965659136,,1.1187877192567202,,1.064856096968755,3.065803775999999
integrated_LIP,800,2.0197429777501035,threshold,17.031462912,4.514900917343127,,,C2,3-3,12.943724544,,1.1649135262273367,,1.0883855771456734,4.087738367999998
integrated_LIP,600,2.0,preload,17.031462912,4.514900917343127,5753.5256590171775,,C2,3-4,13.965659136,-0.4975399795148907,1.1187877192567202,1582.13,1.064856096968755,3.065803775999999
integrated_LIP,600,4.0,preload,17.031462912,4.514900917343127,2876.7628295085888,,C2,3-4,13.965659136,-0.11127777248364068,1.1187877192567202,791.065,1.064856096968755,3.065803775999999
integrated_LIP,600,6.4,preload,17.031462912,4.514900917343127,1797.976768442868,,C2,3-4,13.965659136,0.03357055515307811,1.1187877192567202,494.415625,1.064856096968755,3.065803775999999
integrated_LIP,600,8.0,preload,17.031462912,4.514900917343127,1438.3814147542944,,C2,3-4,13.965659136,0.08185333103198433,1.1187877192567202,395.5325,1.064856096968755,3.065803775999999
integrated_LIP,600,15.0,preload,17.031462912,4.514900917343127,767.1367545356237,,C2,3-4,13.965659136,0.171981179339276,1.1187877192567202,210.95066666666668,1.064856096968755,3.065803775999999
