B_W_TBs,decode_steps,gate,loss_pct,net_gain_ms,prefill_fill_ms,steady_gain_ms
2.0,64,5-4,1.1439658412575993,0.27183870654760933,0.201326592,0.27498443454760935
2.0,128,5-4,0.5719829206287996,0.27341157054760934,0.201326592,0.27498443454760935
2.0,256,5-4,0.28599146031440537,0.27419800254760934,0.201326592,0.27498443454760935
2.0,512,5-4,0.14299573015719158,0.2745912185476094,0.201326592,0.27498443454760935
2.0,1024,5-4,0.07149786507859579,0.27478782654760936,0.201326592,0.27498443454760935
4.0,64,5-4,0.5719829206287996,0.27341157054760934,0.100663296,0.27498443454760935
4.0,128,5-4,0.28599146031440537,0.27419800254760934,0.100663296,0.27498443454760935
4.0,256,5-4,0.14299573015719158,0.2745912185476094,0.100663296,0.27498443454760935
4.0,512,5-4,0.07149786507859579,0.27478782654760936,0.100663296,0.27498443454760935
4.0,1024,5-4,0.035748932539292344,0.27488613054760935,0.100663296,0.27498443454760935
6.4,64,5-4,0.35748932539299005,0.27400139454760936,0.06291456,0.27498443454760935
6.4,128,5-4,0.17874466269650613,0.2744929145476093,0.06291456,0.27498443454760935
6.4,256,5-4,0.08937233134824751,0.27473867454760936,0.06291456,0.27498443454760935
6.4,512,5-4,0.04468616567412376,0.27486155454760935,0.06291456,0.27498443454760935
6.4,1024,5-4,0.02234308283707298,0.2749229945476093,0.06291456,0.27498443454760935
8.0,64,5-4,0.28599146031440537,0.27419800254760934,0.050331648,0.27498443454760935
8.0,128,5-4,0.14299573015719158,0.2745912185476094,0.050331648,0.27498443454760935
8.0,256,5-4,0.07149786507859579,0.27478782654760936,0.050331648,0.27498443454760935
8.0,512,5-4,0.035748932539292344,0.27488613054760935,0.050331648,0.27498443454760935
8.0,1024,5-4,0.017874466269651723,0.27493528254760935,0.050331648,0.27498443454760935
15.0,64,5-4,0.15252877883433769,0.27456500414760937,0.0268435456,0.27498443454760935
15.0,128,5-4,0.07626438941717995,0.27477471934760933,0.0268435456,0.27498443454760935
15.0,256,5-4,0.03813219470858442,0.27487957694760934,0.0268435456,0.27498443454760935
15.0,512,5-4,0.01906609735429221,0.27493200574760934,0.0268435456,0.27498443454760935
15.0,1024,5-4,0.009533048677146105,0.27495822014760934,0.0268435456,0.27498443454760935
19.0,64,5-4,0.12041745697447537,0.2746533052844515,0.021192272842105262,0.27498443454760935
19.0,128,5-4,0.060208728487243235,0.2748188699160304,0.021192272842105262,0.27498443454760935
19.0,256,5-4,0.030104364243610515,0.2749016522318199,0.021192272842105262,0.27498443454760935
19.0,512,5-4,0.015052182121821911,0.2749430433897146,0.021192272842105262,0.27498443454760935
19.0,1024,5-4,0.007526091060894302,0.274963738968662,0.021192272842105262,0.27498443454760935
