mean_len,policy,reduction_avg_pct,reduction_ss_pct,tier_fill_GB_step,delta_vs_managed_ss_pp,refreshes
10000,managed (rung 4),18.519871028094713,18.44801182365342,0.0,0.0,0
10000,"bypass, no refresh",18.51364096429886,18.44180593321316,13.928136704,-0.006205890440259765,0
10000,"bypass, refresh P=64",18.362434620272815,18.513985212795212,13.953983744,0.06597338914179218,1
10000,"bypass, refresh P=32",18.051970772853785,18.477322721578926,14.00705408,0.02931089792550523,3
10000,"bypass, refresh P=16",17.451746059245032,18.458991475970787,14.109655808,0.010979652317367083,7
10000,"bypass, refresh P=8",16.248037829426607,18.44677064556537,14.31541632,-0.0012411780880512424,15
10000,"bypass, refresh P=4",13.839471204165898,18.44066023036265,14.727133952,-0.0073515932907710635,31
10000,"bypass, refresh P=1",-0.6176793755175769,-0.7641838012892865,17.198422784,-19.21219562494271,127
300,managed (rung 4),18.529508049535124,18.477340459459157,0.0,0.0,0
300,"bypass, no refresh",18.115904243478674,17.589826049661983,13.988846592,-0.8875144097971734,0
300,"bypass, refresh P=64",18.214083677693505,17.918352690633665,13.97207264,-0.5589877688254923,1
300,"bypass, refresh P=32",17.903476257638353,17.881631913415465,14.025139904,-0.5957085460436922,3
300,"bypass, refresh P=16",17.30957708159745,18.48312589441151,14.126607552,0.005785434952354507,7
300,"bypass, refresh P=8",16.180406265886692,18.477005764875145,14.319526336,-0.0003346945840121407,15
300,"bypass, refresh P=4",13.807255310087175,18.470885635338774,14.724979072,-0.006454824120382341,31
300,"bypass, refresh P=1",-0.6246004540963135,-0.765255259605846,17.190660992,-19.242595719065,127
60,managed (rung 4),18.594941363185,18.525197789512838,0.0,0.0,0
60,"bypass, no refresh",16.886469835361584,16.16274922629114,14.148942912,-2.3624485632216974,0
60,"bypass, refresh P=64",17.391873164598625,17.663044520377213,14.062898624,-0.8621532691356251,1
60,"bypass, refresh P=32",17.24063658214632,17.952969623059012,14.088646464,-0.5722281664538258,3
60,"bypass, refresh P=16",17.00817071885863,17.934561680031603,14.128223488,-0.5906361094812347,7
60,"bypass, refresh P=8",16.058865032584546,18.224582657416676,14.2898416,-0.3006151320961621,15
60,"bypass, refresh P=4",13.778872147556953,18.51910974585533,14.678007552,-0.006088043657506148,31
60,"bypass, refresh P=1",-0.6377608074977115,-0.7669976261423406,17.132421376,-19.29219541565518,127
30,managed (rung 4),18.619754129341437,18.561073263324534,0.0,0.0,0
30,"bypass, no refresh",16.580594106305902,16.194049636315434,14.182101376,-2.3670236270091003,0
30,"bypass, refresh P=64",17.348828022851382,16.460425047934123,14.0514848,-2.100648215390411,1
30,"bypass, refresh P=32",17.143248460555792,17.352777873838154,14.086437824,-1.2082953894863806,3
30,"bypass, refresh P=16",16.99624808763439,17.355563624626804,14.111431104,-1.2055096386977304,7
30,"bypass, refresh P=8",16.033732919233845,17.349415760817354,14.275079744,-1.2116575025071796,15
30,"bypass, refresh P=4",13.779230072936688,17.952530806561306,14.65839456,-0.608542456763228,31
30,"bypass, refresh P=1",-0.6383174623095123,-0.768482976180862,17.10969312,-19.329556239505397,127
16,managed (rung 4),18.781910823592895,18.552518886366865,0.0,0.0,0
16,"bypass, no refresh",16.564023412353457,16.186586166768446,14.062508672,-2.365932719598419,0
16,"bypass, refresh P=64",17.38473658846943,17.066333682831935,13.924174208,-1.48618520353493,1
16,"bypass, refresh P=32",16.92589264645663,17.377041782366064,14.001514176,-1.1754771040008016,3
16,"bypass, refresh P=16",16.893956810103706,17.95803520334289,14.006897088,-0.5944836830239737,7
16,"bypass, refresh P=8",15.97293629617763,17.959235404592643,14.162138752,-0.5932834817742219,15
16,"bypass, refresh P=4",13.84826455946342,18.549158322867576,14.520260608,-0.0033605634992888156,31
16,"bypass, refresh P=1",-0.6438988773240562,-0.7681287998371644,16.962972288,-19.32064768620403,127
