case,kxy_over_kz,beol_kz,phi,periphery_density_x,tier_peak_C,logic_at_peak_C,peak_above_logic_K,rise_vs_uniform_K,swing_K,last_period_change
prod_k1_phiU,1,2.5,0.285,1.0,100.19709,100.04606,0.15103000000000577,0.0,0.19965700000000197,0.00015999999999394277
prod_k1_phi50,1,2.5,0.5,1.75,100.34004,100.07328,0.266760000000005,0.14294999999999902,0.3426060000000035,0.00015999999999394277
prod_k1_phi70,1,2.5,0.7,2.46,100.47309,100.09861,0.3744800000000055,0.27599999999999625,0.47565500000000327,0.00015000000000497948
prod_k1_phi90,1,2.5,0.9,3.16,100.60613,100.12394,0.48218999999998857,0.4090399999999903,0.6086949999999973,0.00016000000000815362
prod_k10_phiU,10,2.5,0.285,1.0,100.19709,100.04606,0.15103000000000577,0.0,0.19965700000000197,0.00015999999999394277
prod_k10_phi50,10,2.5,0.5,1.75,100.33796,100.07225,0.26570999999999856,0.1408699999999925,0.340525999999997,0.00016000000000815362
prod_k10_phi70,10,2.5,0.7,2.46,100.46907,100.09663,0.37243999999999744,0.2719799999999992,0.47163500000000624,0.00015999999999394277
prod_k10_phi90,10,2.5,0.9,3.16,100.60018,100.12101,0.4791699999999963,0.40308999999999173,0.6027449999999988,0.00016000000000815362
prod_kz1_phiU,1,1.0,0.285,1.0,100.3974,100.0382,0.3592000000000013,0.0,0.3997329999999977,0.00015999999999394277
prod_kz1_phi90,1,1.0,0.9,3.16,101.24948,100.10589,1.1435900000000032,0.8520800000000008,1.2518090000000086,0.00015999999999394277
