N,nodes,theta_K_W,rel_error
1,"lumped, tau fitted",0.001424,0.75975
1,"lumped, tau naive",0.001227,0.793003
8,1+1+1+1+1+1+1+1,0.007419,0.251743
10,1+3+1+1+1+1+1+1,0.006153,0.038181
12,2+4+1+1+1+1+1+1,0.00605,0.020755
16,3+7+1+1+1+1+1+1,0.005963,0.006129
20,5+9+1+1+1+1+1+1,0.005947,0.003467
24,6+12+1+1+1+1+1+1,0.005937,0.001706
32,8+17+1+2+1+1+1+1,0.005932,0.000947
40,11+22+1+2+1+1+1+1,0.00593,0.000497
56,16+32+1+3+1+1+1+1,0.005928,0.000214
80,24+46+1+5+1+1+1+1,0.005927,8.7e-05
120,36+71+1+8+1+1+1+1,0.005927,1.1e-05
