BW_be_tagfirst_TBs,area_mm2,be_parallel,be_tagfirst,capacity_GB,ceil_parallel,ceil_tagfirst,h,pinned_overlap,pinned_serial,read_cap_TBs,section
,500,,,2.6370908723849897,,,0.14451805647591448,1.0937140990107312,1.0516922994714872,15.0,E-B
,500,,,2.6370908723849897,,,0.14451805647591448,1.0937140990107312,1.0578924588746865,17.7,E-B
,500,,,2.6370908723849897,,,0.14451805647591448,1.0937140990107312,1.0602684633335508,19.0,E-B
,600,,,3.1645090468619874,,,0.17342166777109735,1.11460493852407,1.0626787612249327,15.0,E-B
,600,,,3.1645090468619874,,,0.17342166777109735,1.11460493852407,1.070284741956268,17.7,E-B
,600,,,3.1645090468619874,,,0.17342166777109735,1.11460493852407,1.0732045410397615,19.0,E-B
,700,,,3.6919272213389855,,,0.20232527906628026,1.136309383021657,1.073897185435944,15.0,E-B
,700,,,3.6919272213389855,,,0.20232527906628026,1.136309383021657,1.0829707957775008,17.7,E-B
,700,,,3.6919272213389855,,,0.20232527906628026,1.136309383021657,1.0864601774815137,19.0,E-B
,800,,,4.219345395815984,,,0.23122889036146319,1.1588759058393172,1.0853549967875782,15.0,E-B
,800,,,4.219345395815984,,,0.23122889036146319,1.1588759058393172,1.0959611918097452,17.7,E-B
,800,,,4.219345395815984,,,0.23122889036146319,1.1588759058393172,1.1000473617869668,19.0,E-B
5.708560934074269,600,0.6143893204884845,0.3805707289382846,,0.8805566600767973,0.4682425575206214,0.17339377094587985,,,15.0,E-C
5.639880879872672,600,0.46764719516411624,0.3186373378459137,,0.6419229891446253,0.39095803724573036,0.17339377094587985,,,17.7,E-C
5.614205931850202,600,0.4194152325418378,0.295484522728958,,0.5678307210840761,0.3621760394460505,0.17339377094587985,,,19.0,E-C
5.454471765902705,800,0.5714164404667466,0.3636314510601803,,0.9572438735479962,0.48907746575941574,0.2312099619534346,,,15.0,E-C
5.3649727515564924,800,0.43493805433088695,0.3031058051726832,,0.6817376737111202,0.4053769409867103,0.2312099619534346,,,17.7,E-C
5.3317182842888995,800,0.3900796307234668,0.28061675180467893,,0.5987633739521441,0.37451656931069205,0.2312099619534346,,,19.0,E-C
