igzo_k,beol_k,t_ild_um,t_beol_um,t_si_um,theta_K_W,cap_TBs,clears_hbm_floor
1.4,1.0,0.15,16.0,775.0,0.014656,7.508,True
2.6,1.0,0.15,16.0,775.0,0.014637,7.518,True
1.4,1.0,0.15,16.0,200.0,0.014299,7.695,True
2.6,1.0,0.15,16.0,200.0,0.014279,7.706,True
1.4,1.0,1.0,16.0,775.0,0.013318,8.262,True
2.6,1.0,1.0,16.0,775.0,0.013302,8.272,True
1.4,1.0,1.0,16.0,200.0,0.012968,8.485,True
2.6,1.0,1.0,16.0,200.0,0.012953,8.495,True
1.4,1.0,1.0,4.0,775.0,0.007584,14.509,True
2.6,1.0,1.0,4.0,775.0,0.007564,14.547,True
1.4,1.0,0.15,4.0,775.0,0.007233,15.213,True
2.6,1.0,0.15,4.0,775.0,0.007212,15.256,True
1.4,1.0,1.0,4.0,200.0,0.007195,15.293,True
2.6,1.0,1.0,4.0,200.0,0.007175,15.335,True
1.4,1.0,0.15,4.0,200.0,0.006844,16.078,True
2.6,1.0,0.15,4.0,200.0,0.006823,16.126,True
1.4,5.0,0.15,16.0,775.0,0.005666,19.419,True
2.6,5.0,0.15,16.0,775.0,0.005646,19.489,True
1.4,5.0,1.0,16.0,775.0,0.005609,19.617,True
2.6,5.0,1.0,16.0,775.0,0.00559,19.685,True
1.4,5.0,0.15,16.0,200.0,0.005289,20.803,True
2.6,5.0,0.15,16.0,200.0,0.005269,20.884,True
1.4,5.0,1.0,16.0,200.0,0.005234,21.021,True
2.6,5.0,1.0,16.0,200.0,0.005215,21.1,True
1.4,5.0,1.0,4.0,775.0,0.00334,32.946,True
2.6,5.0,1.0,4.0,775.0,0.00332,33.144,True
1.4,5.0,0.15,4.0,775.0,0.003281,33.538,True
2.6,5.0,0.15,4.0,775.0,0.00326,33.749,True
1.4,5.0,1.0,4.0,200.0,0.002955,37.234,True
2.6,5.0,1.0,4.0,200.0,0.002935,37.487,True
1.4,5.0,0.15,4.0,200.0,0.002896,37.997,True
2.6,5.0,0.15,4.0,200.0,0.002875,38.268,True
